sku_id,sku_code
SKU00001,0
SKU00002,1
SKU00003,2
SKU00004,3
SKU00005,4
SKU00006,5
SKU00007,6
SKU00008,7
SKU00009,8
SKU00010,9
SKU00011,10
SKU00012,11
SKU00013,12
SKU00014,13
SKU00015,14
SKU00016,15
SKU00017,16
SKU00018,17
SKU00019,18
SKU00020,19
SKU00021,20
SKU00022,21
SKU00023,22
SKU00024,23
SKU00025,24
SKU00026,25
SKU00027,26
SKU00028,27
SKU00029,28
SKU00030,29
SKU00031,30
SKU00032,31
SKU00033,32
SKU00034,33
SKU00035,34
SKU00036,35
SKU00037,36
SKU00038,37
SKU00039,38
SKU00040,39
SKU00041,40
SKU00042,41
SKU00043,42
SKU00044,43
SKU00045,44
SKU00046,45
SKU00047,46
SKU00048,47
SKU00049,48
SKU00050,49
SKU00051,50
SKU00052,51
SKU00053,52
SKU00054,53
SKU00055,54
SKU00056,55
SKU00057,56
SKU00058,57
SKU00059,58
SKU00060,59
SKU00061,60
SKU00062,61
SKU00063,62
SKU00064,63
SKU00065,64
SKU00066,65
SKU00067,66
SKU00068,67
SKU00069,68
SKU00070,69
SKU00071,70
SKU00072,71
SKU00073,72
SKU00074,73
SKU00075,74
SKU00076,75
SKU00077,76
SKU00078,77
SKU00079,78
SKU00080,79
SKU00081,80
SKU00082,81
SKU00083,82
SKU00084,83
SKU00085,84
SKU00086,85
SKU00087,86
SKU00088,87
SKU00089,88
SKU00090,89
SKU00091,90
SKU00092,91
SKU00093,92
SKU00094,93
SKU00095,94
SKU00096,95
SKU00097,96
SKU00098,97
SKU00099,98
SKU00100,99
SKU00101,100
SKU00102,101
SKU00103,102
SKU00104,103
SKU00105,104
SKU00106,105
SKU00107,106
SKU00108,107
SKU00109,108
SKU00110,109
SKU00111,110
SKU00112,111
SKU00113,112
SKU00114,113
SKU00115,114
SKU00116,115
SKU00117,116
SKU00118,117
SKU00119,118
SKU00120,119
SKU00121,120
SKU00122,121
SKU00123,122
SKU00124,123
SKU00125,124
SKU00126,125
SKU00127,126
SKU00128,127
SKU00129,128
SKU00130,129
SKU00131,130
SKU00132,131
SKU00133,132
SKU00134,133
SKU00135,134
SKU00136,135
SKU00137,136
SKU00138,137
SKU00139,138
SKU00140,139
SKU00141,140
SKU00142,141
SKU00143,142
SKU00144,143
SKU00145,144
SKU00146,145
SKU00147,146
SKU00148,147
SKU00149,148
SKU00150,149
SKU00151,150
SKU00152,151
SKU00153,152
SKU00154,153
SKU00155,154
SKU00156,155
SKU00157,156
SKU00158,157
SKU00159,158
SKU00160,159
SKU00161,160
SKU00162,161
SKU00163,162
SKU00164,163
SKU00165,164
SKU00166,165
SKU00167,166
SKU00168,167
SKU00169,168
SKU00170,169
SKU00171,170
SKU00172,171
SKU00173,172
SKU00174,173
SKU00175,174
SKU00176,175
SKU00177,176
SKU00178,177
SKU00179,178
SKU00180,179
SKU00181,180
SKU00182,181
SKU00183,182
SKU00184,183
SKU00185,184
SKU00186,185
SKU00187,186
SKU00188,187
SKU00189,188
SKU00190,189
SKU00191,190
SKU00192,191
SKU00193,192
SKU00194,193
SKU00195,194
SKU00196,195
SKU00197,196
SKU00198,197
SKU00199,198
SKU00200,199
SKU00201,200
SKU00202,201
SKU00203,202
SKU00204,203
SKU00205,204
SKU00206,205
SKU00207,206
SKU00208,207
SKU00209,208
SKU00210,209
SKU00211,210
SKU00212,211
SKU00213,212
SKU00214,213
SKU00215,214
SKU00216,215
SKU00217,216
SKU00218,217
SKU00219,218
SKU00220,219
SKU00221,220
SKU00222,221
SKU00223,222
SKU00224,223
SKU00225,224
SKU00226,225
SKU00227,226
SKU00228,227
SKU00229,228
SKU00230,229
SKU00231,230
SKU00232,231
SKU00233,232
SKU00234,233
SKU00235,234
SKU00236,235
SKU00237,236
SKU00238,237
SKU00239,238
SKU00240,239
SKU00241,240
SKU00242,241
SKU00243,242
SKU00244,243
SKU00245,244
SKU00246,245
SKU00247,246
SKU00248,247
SKU00249,248
SKU00250,249
SKU00251,250
SKU00252,251
SKU00253,252
SKU00254,253
SKU00255,254
SKU00256,255
SKU00257,256
SKU00258,257
SKU00259,258
SKU00260,259
SKU00261,260
SKU00262,261
SKU00263,262
SKU00264,263
SKU00265,264
SKU00266,265
SKU00267,266
SKU00268,267
SKU00269,268
SKU00270,269
SKU00271,270
SKU00272,271
SKU00273,272
SKU00274,273
SKU00275,274
SKU00276,275
SKU00277,276
SKU00278,277
SKU00279,278
SKU00280,279
SKU00281,280
SKU00282,281
SKU00283,282
SKU00284,283
SKU00285,284
SKU00286,285
SKU00287,286
SKU00288,287
SKU00289,288
SKU00290,289
SKU00291,290
SKU00292,291
SKU00293,292
SKU00294,293
SKU00295,294
SKU00296,295
SKU00297,296
SKU00298,297
SKU00299,298
SKU00300,299
SKU00301,300
SKU00302,301
SKU00303,302
SKU00304,303
SKU00305,304
SKU00306,305
SKU00307,306
SKU00308,307
SKU00309,308
SKU00310,309
SKU00311,310
SKU00312,311
SKU00313,312
SKU00314,313
SKU00315,314
SKU00316,315
SKU00317,316
SKU00318,317
SKU00319,318
SKU00320,319
SKU00321,320
SKU00322,321
SKU00323,322
SKU00324,323
SKU00325,324
SKU00326,325
SKU00327,326
SKU00328,327
SKU00329,328
SKU00330,329
SKU00331,330
SKU00332,331
SKU00333,332
SKU00334,333
SKU00335,334
SKU00336,335
SKU00337,336
SKU00338,337
SKU00339,338
SKU00340,339
SKU00341,340
SKU00342,341
SKU00343,342
SKU00344,343
SKU00345,344
SKU00346,345
SKU00347,346
SKU00348,347
SKU00349,348
SKU00350,349
SKU00351,350
SKU00352,351
SKU00353,352
SKU00354,353
SKU00355,354
SKU00356,355
SKU00357,356
SKU00358,357
SKU00359,358
SKU00360,359
SKU00361,360
SKU00362,361
SKU00363,362
SKU00364,363
SKU00365,364
SKU00366,365
SKU00367,366
SKU00368,367
SKU00369,368
SKU00370,369
SKU00371,370
SKU00372,371
SKU00373,372
SKU00374,373
SKU00375,374
SKU00376,375
SKU00377,376
SKU00378,377
SKU00379,378
SKU00380,379
SKU00381,380
SKU00382,381
SKU00383,382
SKU00384,383
SKU00385,384
SKU00386,385
SKU00387,386
SKU00388,387
SKU00389,388
SKU00390,389
SKU00391,390
SKU00392,391
SKU00393,392
SKU00394,393
SKU00395,394
SKU00396,395
SKU00397,396
SKU00398,397
SKU00399,398
SKU00400,399
SKU00401,400
SKU00402,401
SKU00403,402
SKU00404,403
SKU00405,404
SKU00406,405
SKU00407,406
SKU00408,407
SKU00409,408
SKU00410,409
SKU00411,410
SKU00412,411
SKU00413,412
SKU00414,413
SKU00415,414
SKU00416,415
SKU00417,416
SKU00418,417
SKU00419,418
SKU00420,419
SKU00421,420
SKU00422,421
SKU00423,422
SKU00424,423
SKU00425,424
SKU00426,425
SKU00427,426
SKU00428,427
SKU00429,428
SKU00430,429
SKU00431,430
SKU00432,431
SKU00433,432
SKU00434,433
SKU00435,434
SKU00436,435
SKU00437,436
SKU00438,437
SKU00439,438
SKU00440,439
SKU00441,440
SKU00442,441
SKU00443,442
SKU00444,443
SKU00445,444
SKU00446,445
SKU00447,446
SKU00448,447
SKU00449,448
SKU00450,449
SKU00451,450
SKU00452,451
SKU00453,452
SKU00454,453
SKU00455,454
SKU00456,455
SKU00457,456
SKU00458,457
SKU00459,458
SKU00460,459
SKU00461,460
SKU00462,461
SKU00463,462
SKU00464,463
SKU00465,464
SKU00466,465
SKU00467,466
SKU00468,467
SKU00469,468
SKU00470,469
SKU00471,470
SKU00472,471
SKU00473,472
SKU00474,473
SKU00475,474
SKU00476,475
SKU00477,476
SKU00478,477
SKU00479,478
SKU00480,479
SKU00481,480
SKU00482,481
SKU00483,482
SKU00484,483
SKU00485,484
SKU00486,485
SKU00487,486
SKU00488,487
SKU00489,488
SKU00490,489
SKU00491,490
SKU00492,491
SKU00493,492
SKU00494,493
SKU00495,494
SKU00496,495
SKU00497,496
SKU00498,497
SKU00499,498
SKU00500,499
SKU00501,500
SKU00502,501
SKU00503,502
SKU00504,503
SKU00505,504
SKU00506,505
SKU00507,506
SKU00508,507
SKU00509,508
SKU00510,509
SKU00511,510
SKU00512,511
SKU00513,512
SKU00514,513
SKU00515,514
SKU00516,515
SKU00517,516
SKU00518,517
SKU00519,518
SKU00520,519
SKU00521,520
SKU00522,521
SKU00523,522
SKU00524,523
SKU00525,524
SKU00526,525
SKU00527,526
SKU00528,527
SKU00529,528
SKU00530,529
SKU00531,530
SKU00532,531
SKU00533,532
SKU00534,533
SKU00535,534
SKU00536,535
SKU00537,536
SKU00538,537
SKU00539,538
SKU00540,539
SKU00541,540
SKU00542,541
SKU00543,542
SKU00544,543
SKU00545,544
SKU00546,545
SKU00547,546
SKU00548,547
SKU00549,548
SKU00550,549
SKU00551,550
SKU00552,551
SKU00553,552
SKU00554,553
SKU00555,554
SKU00556,555
SKU00557,556
SKU00558,557
SKU00559,558
SKU00560,559
SKU00561,560
SKU00562,561
SKU00563,562
SKU00564,563
SKU00565,564
SKU00566,565
SKU00567,566
SKU00568,567
SKU00569,568
SKU00570,569
SKU00571,570
SKU00572,571
SKU00573,572
SKU00574,573
SKU00575,574
SKU00576,575
SKU00577,576
SKU00578,577
SKU00579,578
SKU00580,579
SKU00581,580
SKU00582,581
SKU00583,582
SKU00584,583
SKU00585,584
SKU00586,585
SKU00587,586
SKU00588,587
SKU00589,588
SKU00590,589
SKU00591,590
SKU00592,591
SKU00593,592
SKU00594,593
SKU00595,594
SKU00596,595
SKU00597,596
SKU00598,597
SKU00599,598
SKU00600,599
SKU00601,600
SKU00602,601
SKU00603,602
SKU00604,603
SKU00605,604
SKU00606,605
SKU00607,606
SKU00608,607
SKU00609,608
SKU00610,609
SKU00611,610
SKU00612,611
SKU00613,612
SKU00614,613
SKU00615,614
SKU00616,615
SKU00617,616
SKU00618,617
SKU00619,618
SKU00620,619
SKU00621,620
SKU00622,621
SKU00623,622
SKU00624,623
SKU00625,624
SKU00626,625
SKU00627,626
SKU00628,627
SKU00629,628
SKU00630,629
SKU00631,630
SKU00632,631
SKU00633,632
SKU00634,633
SKU00635,634
SKU00636,635
SKU00637,636
SKU00638,637
SKU00639,638
SKU00640,639
SKU00641,640
SKU00642,641
SKU00643,642
SKU00644,643
SKU00645,644
SKU00646,645
SKU00647,646
SKU00648,647
SKU00649,648
SKU00650,649
SKU00651,650
SKU00652,651
SKU00653,652
SKU00654,653
SKU00655,654
SKU00656,655
SKU00657,656
SKU00658,657
SKU00659,658
SKU00660,659
SKU00661,660
SKU00662,661
SKU00663,662
SKU00664,663
SKU00665,664
SKU00666,665
SKU00667,666
SKU00668,667
SKU00669,668
SKU00670,669
SKU00671,670
SKU00672,671
SKU00673,672
SKU00674,673
SKU00675,674
SKU00676,675
SKU00677,676
SKU00678,677
SKU00679,678
SKU00680,679
SKU00681,680
SKU00682,681
SKU00683,682
SKU00684,683
SKU00685,684
SKU00686,685
SKU00687,686
SKU00688,687
SKU00689,688
SKU00690,689
SKU00691,690
SKU00692,691
SKU00693,692
SKU00694,693
SKU00695,694
SKU00696,695
SKU00697,696
SKU00698,697
SKU00699,698
SKU00700,699
SKU00701,700
SKU00702,701
SKU00703,702
SKU00704,703
SKU00705,704
SKU00706,705
SKU00707,706
SKU00708,707
SKU00709,708
SKU00710,709
SKU00711,710
SKU00712,711
SKU00713,712
SKU00714,713
SKU00715,714
SKU00716,715
SKU00717,716
SKU00718,717
SKU00719,718
SKU00720,719
SKU00721,720
SKU00722,721
SKU00723,722
SKU00724,723
SKU00725,724
SKU00726,725
SKU00727,726
SKU00728,727
SKU00729,728
SKU00730,729
SKU00731,730
SKU00732,731
SKU00733,732
SKU00734,733
SKU00735,734
SKU00736,735
SKU00737,736
SKU00738,737
SKU00739,738
SKU00740,739
SKU00741,740
SKU00742,741
SKU00743,742
SKU00744,743
SKU00745,744
SKU00746,745
SKU00747,746
SKU00748,747
SKU00749,748
SKU00750,749
SKU00751,750
SKU00752,751
SKU00753,752
SKU00754,753
SKU00755,754
SKU00756,755
SKU00757,756
SKU00758,757
SKU00759,758
SKU00760,759
SKU00761,760
SKU00762,761
SKU00763,762
SKU00764,763
SKU00765,764
SKU00766,765
SKU00767,766
SKU00768,767
SKU00769,768
SKU00770,769
SKU00771,770
SKU00772,771
SKU00773,772
SKU00774,773
SKU00775,774
SKU00776,775
SKU00777,776
SKU00778,777
SKU00779,778
SKU00780,779
SKU00781,780
SKU00782,781
SKU00783,782
SKU00784,783
SKU00785,784
SKU00786,785
SKU00787,786
SKU00788,787
SKU00789,788
SKU00790,789
SKU00791,790
SKU00792,791
SKU00793,792
SKU00794,793
SKU00795,794
SKU00796,795
SKU00797,796
SKU00798,797
SKU00799,798
SKU00800,799
SKU00801,800
SKU00802,801
SKU00803,802
SKU00804,803
SKU00805,804
SKU00806,805
SKU00807,806
SKU00808,807
SKU00809,808
SKU00810,809
SKU00811,810
SKU00812,811
SKU00813,812
SKU00814,813
SKU00815,814
SKU00816,815
SKU00817,816
SKU00818,817
SKU00819,818
SKU00820,819
SKU00821,820
SKU00822,821
SKU00823,822
SKU00824,823
SKU00825,824
SKU00826,825
SKU00827,826
SKU00828,827
SKU00829,828
SKU00830,829
SKU00831,830
SKU00832,831
SKU00833,832
SKU00834,833
SKU00835,834
SKU00836,835
SKU00837,836
SKU00838,837
SKU00839,838
SKU00840,839
SKU00841,840
SKU00842,841
SKU00843,842
SKU00844,843
SKU00845,844
SKU00846,845
SKU00847,846
SKU00848,847
SKU00849,848
SKU00850,849
SKU00851,850
SKU00852,851
SKU00853,852
SKU00854,853
SKU00855,854
SKU00856,855
SKU00857,856
SKU00858,857
SKU00859,858
SKU00860,859
SKU00861,860
SKU00862,861
SKU00863,862
SKU00864,863
SKU00865,864
SKU00866,865
SKU00867,866
SKU00868,867
SKU00869,868
SKU00870,869
SKU00871,870
SKU00872,871
SKU00873,872
SKU00874,873
SKU00875,874
SKU00876,875
SKU00877,876
SKU00878,877
SKU00879,878
SKU00880,879
SKU00881,880
SKU00882,881
SKU00883,882
SKU00884,883
SKU00885,884
SKU00886,885
SKU00887,886
SKU00888,887
SKU00889,888
SKU00890,889
SKU00891,890
SKU00892,891
SKU00893,892
SKU00894,893
SKU00895,894
SKU00896,895
SKU00897,896
SKU00898,897
SKU00899,898
SKU00900,899
SKU00901,900
SKU00902,901
SKU00903,902
SKU00904,903
SKU00905,904
SKU00906,905
SKU00907,906
SKU00908,907
SKU00909,908
SKU00910,909
SKU00911,910
SKU00912,911
SKU00913,912
SKU00914,913
SKU00915,914
SKU00916,915
SKU00917,916
SKU00918,917
SKU00919,918
SKU00920,919
SKU00921,920
SKU00922,921
SKU00923,922
SKU00924,923
SKU00925,924
SKU00926,925
SKU00927,926
SKU00928,927
SKU00929,928
SKU00930,929
SKU00931,930
SKU00932,931
SKU00933,932
SKU00934,933
SKU00935,934
SKU00936,935
SKU00937,936
SKU00938,937
SKU00939,938
SKU00940,939
SKU00941,940
SKU00942,941
SKU00943,942
SKU00944,943
SKU00945,944
SKU00946,945
SKU00947,946
SKU00948,947
SKU00949,948
SKU00950,949
SKU00951,950
SKU00952,951
SKU00953,952
SKU00954,953
SKU00955,954
SKU00956,955
SKU00957,956
SKU00958,957
SKU00959,958
SKU00960,959
SKU00961,960
SKU00962,961
SKU00963,962
SKU00964,963
SKU00965,964
SKU00966,965
SKU00967,966
SKU00968,967
SKU00969,968
SKU00970,969
SKU00971,970
SKU00972,971
SKU00973,972
SKU00974,973
SKU00975,974
SKU00976,975
SKU00977,976
SKU00978,977
SKU00979,978
SKU00980,979
SKU00981,980
SKU00982,981
SKU00983,982
SKU00984,983
SKU00985,984
SKU00986,985
SKU00987,986
SKU00988,987
SKU00989,988
SKU00990,989
SKU00991,990
SKU00992,991
SKU00993,992
SKU00994,993
SKU00995,994
SKU00996,995
SKU00997,996
SKU00998,997
SKU00999,998
SKU01000,999
SKU01001,1000
SKU01002,1001
SKU01003,1002
SKU01004,1003
SKU01005,1004
SKU01006,1005
SKU01007,1006
SKU01008,1007
SKU01009,1008
SKU01010,1009
SKU01011,1010
SKU01012,1011
SKU01013,1012
SKU01014,1013
SKU01015,1014
SKU01016,1015
SKU01017,1016
SKU01018,1017
SKU01019,1018
SKU01020,1019
SKU01021,1020
SKU01022,1021
SKU01023,1022
SKU01024,1023
SKU01025,1024
SKU01026,1025
SKU01027,1026
SKU01028,1027
SKU01029,1028
SKU01030,1029
SKU01031,1030
SKU01032,1031
SKU01033,1032
SKU01034,1033
SKU01035,1034
SKU01036,1035
SKU01037,1036
SKU01038,1037
SKU01039,1038
SKU01040,1039
SKU01041,1040
SKU01042,1041
SKU01043,1042
SKU01044,1043
SKU01045,1044
SKU01046,1045
SKU01047,1046
SKU01048,1047
SKU01049,1048
SKU01050,1049
SKU01051,1050
SKU01052,1051
SKU01053,1052
SKU01054,1053
SKU01055,1054
SKU01056,1055
SKU01057,1056
SKU01058,1057
SKU01059,1058
SKU01060,1059
SKU01061,1060
SKU01062,1061
SKU01063,1062
SKU01064,1063
SKU01065,1064
SKU01066,1065
SKU01067,1066
SKU01068,1067
SKU01069,1068
SKU01070,1069
SKU01071,1070
SKU01072,1071
SKU01073,1072
SKU01074,1073
SKU01075,1074
SKU01076,1075
SKU01077,1076
SKU01078,1077
SKU01079,1078
SKU01080,1079
SKU01081,1080
SKU01082,1081
SKU01083,1082
SKU01084,1083
SKU01085,1084
SKU01086,1085
SKU01087,1086
SKU01088,1087
SKU01089,1088
SKU01090,1089
SKU01091,1090
SKU01092,1091
SKU01093,1092
SKU01094,1093
SKU01095,1094
SKU01096,1095
SKU01097,1096
SKU01098,1097
SKU01099,1098
SKU01100,1099
SKU01101,1100
SKU01102,1101
SKU01103,1102
SKU01104,1103
SKU01105,1104
SKU01106,1105
SKU01107,1106
SKU01108,1107
SKU01109,1108
SKU01110,1109
SKU01111,1110
SKU01112,1111
SKU01113,1112
SKU01114,1113
SKU01115,1114
SKU01116,1115
SKU01117,1116
SKU01118,1117
SKU01119,1118
SKU01120,1119
SKU01121,1120
SKU01122,1121
SKU01123,1122
SKU01124,1123
SKU01125,1124
SKU01126,1125
SKU01127,1126
SKU01128,1127
SKU01129,1128
SKU01130,1129
SKU01131,1130
SKU01132,1131
SKU01133,1132
SKU01134,1133
SKU01135,1134
SKU01136,1135
SKU01137,1136
SKU01138,1137
SKU01139,1138
SKU01140,1139
SKU01141,1140
SKU01142,1141
SKU01143,1142
SKU01144,1143
SKU01145,1144
SKU01146,1145
SKU01147,1146
SKU01148,1147
SKU01149,1148
SKU01150,1149
SKU01151,1150
SKU01152,1151
SKU01153,1152
SKU01154,1153
SKU01155,1154
SKU01156,1155
SKU01157,1156
SKU01158,1157
SKU01159,1158
SKU01160,1159
SKU01161,1160
SKU01162,1161
SKU01163,1162
SKU01164,1163
SKU01165,1164
SKU01166,1165
SKU01167,1166
SKU01168,1167
SKU01169,1168
SKU01170,1169
SKU01171,1170
SKU01172,1171
SKU01173,1172
SKU01174,1173
SKU01175,1174
SKU01176,1175
SKU01177,1176
SKU01178,1177
SKU01179,1178
SKU01180,1179
SKU01181,1180
SKU01182,1181
SKU01183,1182
SKU01184,1183
SKU01185,1184
SKU01186,1185
SKU01187,1186
SKU01188,1187
SKU01189,1188
SKU01190,1189
SKU01191,1190
SKU01192,1191
SKU01193,1192
SKU01194,1193
SKU01195,1194
SKU01196,1195
SKU01197,1196
SKU01198,1197
SKU01199,1198
SKU01200,1199
SKU01201,1200
SKU01202,1201
SKU01203,1202
SKU01204,1203
SKU01205,1204
SKU01206,1205
SKU01207,1206
SKU01208,1207
SKU01209,1208
SKU01210,1209
SKU01211,1210
SKU01212,1211
SKU01213,1212
SKU01214,1213
SKU01215,1214
SKU01216,1215
SKU01217,1216
SKU01218,1217
SKU01219,1218
SKU01220,1219
SKU01221,1220
SKU01222,1221
SKU01223,1222
SKU01224,1223
SKU01225,1224
SKU01226,1225
SKU01227,1226
SKU01228,1227
SKU01229,1228
SKU01230,1229
SKU01231,1230
SKU01232,1231
SKU01233,1232
SKU01234,1233
SKU01235,1234
SKU01236,1235
SKU01237,1236
SKU01238,1237
SKU01239,1238
SKU01240,1239
SKU01241,1240
SKU01242,1241
SKU01243,1242
SKU01244,1243
SKU01245,1244
SKU01246,1245
SKU01247,1246
SKU01248,1247
SKU01249,1248
SKU01250,1249
SKU01251,1250
SKU01252,1251
SKU01253,1252
SKU01254,1253
SKU01255,1254
SKU01256,1255
SKU01257,1256
SKU01258,1257
SKU01259,1258
SKU01260,1259
SKU01261,1260
SKU01262,1261
SKU01263,1262
SKU01264,1263
SKU01265,1264
SKU01266,1265
SKU01267,1266
SKU01268,1267
SKU01269,1268
SKU01270,1269
SKU01271,1270
SKU01272,1271
SKU01273,1272
SKU01274,1273
SKU01275,1274
SKU01276,1275
SKU01277,1276
SKU01278,1277
SKU01279,1278
SKU01280,1279
SKU01281,1280
SKU01282,1281
SKU01283,1282
SKU01284,1283
SKU01285,1284
SKU01286,1285
SKU01287,1286
SKU01288,1287
SKU01289,1288
SKU01290,1289
SKU01291,1290
SKU01292,1291
SKU01293,1292
SKU01294,1293
SKU01295,1294
SKU01296,1295
SKU01297,1296
SKU01298,1297
SKU01299,1298
SKU01300,1299
SKU01301,1300
SKU01302,1301
SKU01303,1302
SKU01304,1303
SKU01305,1304
SKU01306,1305
SKU01307,1306
SKU01308,1307
SKU01309,1308
SKU01310,1309
SKU01311,1310
SKU01312,1311
SKU01313,1312
SKU01314,1313
SKU01315,1314
SKU01316,1315
SKU01317,1316
SKU01318,1317
SKU01319,1318
SKU01320,1319
SKU01321,1320
SKU01322,1321
SKU01323,1322
SKU01324,1323
SKU01325,1324
SKU01326,1325
SKU01327,1326
SKU01328,1327
SKU01329,1328
SKU01330,1329
SKU01331,1330
SKU01332,1331
SKU01333,1332
SKU01334,1333
SKU01335,1334
SKU01336,1335
SKU01337,1336
SKU01338,1337
SKU01339,1338
SKU01340,1339
SKU01341,1340
SKU01342,1341
SKU01343,1342
SKU01344,1343
SKU01345,1344
SKU01346,1345
SKU01347,1346
SKU01348,1347
SKU01349,1348
SKU01350,1349
SKU01351,1350
SKU01352,1351
SKU01353,1352
SKU01354,1353
SKU01355,1354
SKU01356,1355
SKU01357,1356
SKU01358,1357
SKU01359,1358
SKU01360,1359
SKU01361,1360
SKU01362,1361
SKU01363,1362
SKU01364,1363
SKU01365,1364
SKU01366,1365
SKU01367,1366
SKU01368,1367
SKU01369,1368
SKU01370,1369
SKU01371,1370
SKU01372,1371
SKU01373,1372
SKU01374,1373
SKU01375,1374
SKU01376,1375
SKU01377,1376
SKU01378,1377
SKU01379,1378
SKU01380,1379
SKU01381,1380
SKU01382,1381
SKU01383,1382
SKU01384,1383
SKU01385,1384
SKU01386,1385
SKU01387,1386
SKU01388,1387
SKU01389,1388
SKU01390,1389
SKU01391,1390
SKU01392,1391
SKU01393,1392
SKU01394,1393
SKU01395,1394
SKU01396,1395
SKU01397,1396
SKU01398,1397
SKU01399,1398
SKU01400,1399
SKU01401,1400
SKU01402,1401
SKU01403,1402
SKU01404,1403
SKU01405,1404
SKU01406,1405
SKU01407,1406
SKU01408,1407
SKU01409,1408
SKU01410,1409
SKU01411,1410
SKU01412,1411
SKU01413,1412
SKU01414,1413
SKU01415,1414
SKU01416,1415
SKU01417,1416
SKU01418,1417
SKU01419,1418
SKU01420,1419
SKU01421,1420
SKU01422,1421
SKU01423,1422
SKU01424,1423
SKU01425,1424
SKU01426,1425
SKU01427,1426
SKU01428,1427
SKU01429,1428
SKU01430,1429
SKU01431,1430
SKU01432,1431
SKU01433,1432
SKU01434,1433
SKU01435,1434
SKU01436,1435
SKU01437,1436
SKU01438,1437
SKU01439,1438
SKU01440,1439
SKU01441,1440
SKU01442,1441
SKU01443,1442
SKU01444,1443
SKU01445,1444
SKU01446,1445
SKU01447,1446
SKU01448,1447
SKU01449,1448
SKU01450,1449
SKU01451,1450
SKU01452,1451
SKU01453,1452
SKU01454,1453
SKU01455,1454
SKU01456,1455
SKU01457,1456
SKU01458,1457
SKU01459,1458
SKU01460,1459
SKU01461,1460
SKU01462,1461
SKU01463,1462
SKU01464,1463
SKU01465,1464
SKU01466,1465
SKU01467,1466
SKU01468,1467
SKU01469,1468
SKU01470,1469
SKU01471,1470
SKU01472,1471
SKU01473,1472
SKU01474,1473
SKU01475,1474
SKU01476,1475
SKU01477,1476
SKU01478,1477
SKU01479,1478
SKU01480,1479
SKU01481,1480
SKU01482,1481
SKU01483,1482
SKU01484,1483
SKU01485,1484
SKU01486,1485
SKU01487,1486
SKU01488,1487
SKU01489,1488
SKU01490,1489
SKU01491,1490
SKU01492,1491
SKU01493,1492
SKU01494,1493
SKU01495,1494
SKU01496,1495
SKU01497,1496
SKU01498,1497
SKU01499,1498
SKU01500,1499
SKU01501,1500
SKU01502,1501
SKU01503,1502
SKU01504,1503
SKU01505,1504
SKU01506,1505
SKU01507,1506
SKU01508,1507
SKU01509,1508
SKU01510,1509
SKU01511,1510
SKU01512,1511
SKU01513,1512
SKU01514,1513
SKU01515,1514
SKU01516,1515
SKU01517,1516
SKU01518,1517
SKU01519,1518
SKU01520,1519
SKU01521,1520
SKU01522,1521
SKU01523,1522
SKU01524,1523
SKU01525,1524
SKU01526,1525
SKU01527,1526
SKU01528,1527
SKU01529,1528
SKU01530,1529
SKU01531,1530
SKU01532,1531
SKU01533,1532
SKU01534,1533
SKU01535,1534
SKU01536,1535
SKU01537,1536
SKU01538,1537
SKU01539,1538
SKU01540,1539
SKU01541,1540
SKU01542,1541
SKU01543,1542
SKU01544,1543
SKU01545,1544
SKU01546,1545
SKU01547,1546
SKU01548,1547
SKU01549,1548
SKU01550,1549
SKU01551,1550
SKU01552,1551
SKU01553,1552
SKU01554,1553
SKU01555,1554
SKU01556,1555
SKU01557,1556
SKU01558,1557
SKU01559,1558
SKU01560,1559
SKU01561,1560
SKU01562,1561
SKU01563,1562
SKU01564,1563
SKU01565,1564
SKU01566,1565
SKU01567,1566
SKU01568,1567
SKU01569,1568
SKU01570,1569
SKU01571,1570
SKU01572,1571
SKU01573,1572
SKU01574,1573
SKU01575,1574
SKU01576,1575
SKU01577,1576
SKU01578,1577
SKU01579,1578
SKU01580,1579
SKU01581,1580
SKU01582,1581
SKU01583,1582
SKU01584,1583
SKU01585,1584
SKU01586,1585
SKU01587,1586
SKU01588,1587
SKU01589,1588
SKU01590,1589
SKU01591,1590
SKU01592,1591
SKU01593,1592
SKU01594,1593
SKU01595,1594
SKU01596,1595
SKU01597,1596
SKU01598,1597
SKU01599,1598
SKU01600,1599
SKU01601,1600
SKU01602,1601
SKU01603,1602
SKU01604,1603
SKU01605,1604
SKU01606,1605
SKU01607,1606
SKU01608,1607
SKU01609,1608
SKU01610,1609
SKU01611,1610
SKU01612,1611
SKU01613,1612
SKU01614,1613
SKU01615,1614
SKU01616,1615
SKU01617,1616
SKU01618,1617
SKU01619,1618
SKU01620,1619
SKU01621,1620
SKU01622,1621
SKU01623,1622
SKU01624,1623
SKU01625,1624
SKU01626,1625
SKU01627,1626
SKU01628,1627
SKU01629,1628
SKU01630,1629
SKU01631,1630
SKU01632,1631
SKU01633,1632
SKU01634,1633
SKU01635,1634
SKU01636,1635
SKU01637,1636
SKU01638,1637
SKU01639,1638
SKU01640,1639
SKU01641,1640
SKU01642,1641
SKU01643,1642
SKU01644,1643
SKU01645,1644
SKU01646,1645
SKU01647,1646
SKU01648,1647
SKU01649,1648
SKU01650,1649
SKU01651,1650
SKU01652,1651
SKU01653,1652
SKU01654,1653
SKU01655,1654
SKU01656,1655
SKU01657,1656
SKU01658,1657
SKU01659,1658
SKU01660,1659
SKU01661,1660
SKU01662,1661
SKU01663,1662
SKU01664,1663
SKU01665,1664
SKU01666,1665
SKU01667,1666
SKU01668,1667
SKU01669,1668
SKU01670,1669
SKU01671,1670
SKU01672,1671
SKU01673,1672
SKU01674,1673
SKU01675,1674
SKU01676,1675
SKU01677,1676
SKU01678,1677
SKU01679,1678
SKU01680,1679
SKU01681,1680
SKU01682,1681
SKU01683,1682
SKU01684,1683
SKU01685,1684
SKU01686,1685
SKU01687,1686
SKU01688,1687
SKU01689,1688
SKU01690,1689
SKU01691,1690
SKU01692,1691
SKU01693,1692
SKU01694,1693
SKU01695,1694
SKU01696,1695
SKU01697,1696
SKU01698,1697
SKU01699,1698
SKU01700,1699
SKU01701,1700
SKU01702,1701
SKU01703,1702
SKU01704,1703
SKU01705,1704
SKU01706,1705
SKU01707,1706
SKU01708,1707
SKU01709,1708
SKU01710,1709
SKU01711,1710
SKU01712,1711
SKU01713,1712
SKU01714,1713
SKU01715,1714
SKU01716,1715
SKU01717,1716
SKU01718,1717
SKU01719,1718
SKU01720,1719
SKU01721,1720
SKU01722,1721
SKU01723,1722
SKU01724,1723
SKU01725,1724
SKU01726,1725
SKU01727,1726
SKU01728,1727
SKU01729,1728
SKU01730,1729
SKU01731,1730
SKU01732,1731
SKU01733,1732
SKU01734,1733
SKU01735,1734
SKU01736,1735
SKU01737,1736
SKU01738,1737
SKU01739,1738
SKU01740,1739
SKU01741,1740
SKU01742,1741
SKU01743,1742
SKU01744,1743
SKU01745,1744
SKU01746,1745
SKU01747,1746
SKU01748,1747
SKU01749,1748
SKU01750,1749
SKU01751,1750
SKU01752,1751
SKU01753,1752
SKU01754,1753
SKU01755,1754
SKU01756,1755
SKU01757,1756
SKU01758,1757
SKU01759,1758
SKU01760,1759
SKU01761,1760
SKU01762,1761
SKU01763,1762
SKU01764,1763
SKU01765,1764
SKU01766,1765
SKU01767,1766
SKU01768,1767
SKU01769,1768
SKU01770,1769
SKU01771,1770
SKU01772,1771
SKU01773,1772
SKU01774,1773
SKU01775,1774
SKU01776,1775
SKU01777,1776
SKU01778,1777
SKU01779,1778
SKU01780,1779
SKU01781,1780
SKU01782,1781
SKU01783,1782
SKU01784,1783
SKU01785,1784
SKU01786,1785
SKU01787,1786
SKU01788,1787
SKU01789,1788
SKU01790,1789
SKU01791,1790
SKU01792,1791
SKU01793,1792
SKU01794,1793
SKU01795,1794
SKU01796,1795
SKU01797,1796
SKU01798,1797
SKU01799,1798
SKU01800,1799
SKU01801,1800
SKU01802,1801
SKU01803,1802
SKU01804,1803
SKU01805,1804
SKU01806,1805
SKU01807,1806
SKU01808,1807
SKU01809,1808
SKU01810,1809
SKU01811,1810
SKU01812,1811
SKU01813,1812
SKU01814,1813
SKU01815,1814
SKU01816,1815
SKU01817,1816
SKU01818,1817
SKU01819,1818
SKU01820,1819
SKU01821,1820
SKU01822,1821
SKU01823,1822
SKU01824,1823
SKU01825,1824
SKU01826,1825
SKU01827,1826
SKU01828,1827
SKU01829,1828
SKU01830,1829
SKU01831,1830
SKU01832,1831
SKU01833,1832
SKU01834,1833
SKU01835,1834
SKU01836,1835
SKU01837,1836
SKU01838,1837
SKU01839,1838
SKU01840,1839
SKU01841,1840
SKU01842,1841
SKU01843,1842
SKU01844,1843
SKU01845,1844
SKU01846,1845
SKU01847,1846
SKU01848,1847
SKU01849,1848
SKU01850,1849
SKU01851,1850
SKU01852,1851
SKU01853,1852
SKU01854,1853
SKU01855,1854
SKU01856,1855
SKU01857,1856
SKU01858,1857
SKU01859,1858
SKU01860,1859
SKU01861,1860
SKU01862,1861
SKU01863,1862
SKU01864,1863
SKU01865,1864
SKU01866,1865
SKU01867,1866
SKU01868,1867
SKU01869,1868
SKU01870,1869
SKU01871,1870
SKU01872,1871
SKU01873,1872
SKU01874,1873
SKU01875,1874
SKU01876,1875
SKU01877,1876
SKU01878,1877
SKU01879,1878
SKU01880,1879
SKU01881,1880
SKU01882,1881
SKU01883,1882
SKU01884,1883
SKU01885,1884
SKU01886,1885
SKU01887,1886
SKU01888,1887
SKU01889,1888
SKU01890,1889
SKU01891,1890
SKU01892,1891
SKU01893,1892
SKU01894,1893
SKU01895,1894
SKU01896,1895
SKU01897,1896
SKU01898,1897
SKU01899,1898
SKU01900,1899
SKU01901,1900
SKU01902,1901
SKU01903,1902
SKU01904,1903
SKU01905,1904
SKU01906,1905
SKU01907,1906
SKU01908,1907
SKU01909,1908
SKU01910,1909
SKU01911,1910
SKU01912,1911
SKU01913,1912
SKU01914,1913
SKU01915,1914
SKU01916,1915
SKU01917,1916
SKU01918,1917
SKU01919,1918
SKU01920,1919
SKU01921,1920
SKU01922,1921
SKU01923,1922
SKU01924,1923
SKU01925,1924
SKU01926,1925
SKU01927,1926
SKU01928,1927
SKU01929,1928
SKU01930,1929
SKU01931,1930
SKU01932,1931
SKU01933,1932
SKU01934,1933
SKU01935,1934
SKU01936,1935
SKU01937,1936
SKU01938,1937
SKU01939,1938
SKU01940,1939
SKU01941,1940
SKU01942,1941
SKU01943,1942
SKU01944,1943
SKU01945,1944
SKU01946,1945
SKU01947,1946
SKU01948,1947
SKU01949,1948
SKU01950,1949
SKU01951,1950
SKU01952,1951
SKU01953,1952
SKU01954,1953
SKU01955,1954
SKU01956,1955
SKU01957,1956
SKU01958,1957
SKU01959,1958
SKU01960,1959
SKU01961,1960
SKU01962,1961
SKU01963,1962
SKU01964,1963
SKU01965,1964
SKU01966,1965
SKU01967,1966
SKU01968,1967
SKU01969,1968
SKU01970,1969
SKU01971,1970
SKU01972,1971
SKU01973,1972
SKU01974,1973
SKU01975,1974
SKU01976,1975
SKU01977,1976
SKU01978,1977
SKU01979,1978
SKU01980,1979
SKU01981,1980
SKU01982,1981
SKU01983,1982
SKU01984,1983
SKU01985,1984
SKU01986,1985
SKU01987,1986
SKU01988,1987
SKU01989,1988
SKU01990,1989
SKU01991,1990
SKU01992,1991
SKU01993,1992
SKU01994,1993
SKU01995,1994
SKU01996,1995
SKU01997,1996
SKU01998,1997
SKU01999,1998
SKU02000,1999
SKU02001,2000
SKU02002,2001
SKU02003,2002
SKU02004,2003
SKU02005,2004
SKU02006,2005
SKU02007,2006
SKU02008,2007
SKU02009,2008
SKU02010,2009
SKU02011,2010
SKU02012,2011
SKU02013,2012
SKU02014,2013
SKU02015,2014
SKU02016,2015
SKU02017,2016
SKU02018,2017
SKU02019,2018
SKU02020,2019
SKU02021,2020
SKU02022,2021
SKU02023,2022
SKU02024,2023
SKU02025,2024
SKU02026,2025
SKU02027,2026
SKU02028,2027
SKU02029,2028
SKU02030,2029
SKU02031,2030
SKU02032,2031
SKU02033,2032
SKU02034,2033
SKU02035,2034
SKU02036,2035
SKU02037,2036
SKU02038,2037
SKU02039,2038
SKU02040,2039
SKU02041,2040
SKU02042,2041
SKU02043,2042
SKU02044,2043
SKU02045,2044
SKU02046,2045
SKU02047,2046
SKU02048,2047
SKU02049,2048
SKU02050,2049
SKU02051,2050
SKU02052,2051
SKU02053,2052
SKU02054,2053
SKU02055,2054
SKU02056,2055
SKU02057,2056
SKU02058,2057
SKU02059,2058
SKU02060,2059
SKU02061,2060
SKU02062,2061
SKU02063,2062
SKU02064,2063
SKU02065,2064
SKU02066,2065
SKU02067,2066
SKU02068,2067
SKU02069,2068
SKU02070,2069
SKU02071,2070
SKU02072,2071
SKU02073,2072
SKU02074,2073
SKU02075,2074
SKU02076,2075
SKU02077,2076
SKU02078,2077
SKU02079,2078
SKU02080,2079
SKU02081,2080
SKU02082,2081
SKU02083,2082
SKU02084,2083
SKU02085,2084
SKU02086,2085
SKU02087,2086
SKU02088,2087
SKU02089,2088
SKU02090,2089
SKU02091,2090
SKU02092,2091
SKU02093,2092
SKU02094,2093
SKU02095,2094
SKU02096,2095
SKU02097,2096
SKU02098,2097
SKU02099,2098
SKU02100,2099
SKU02101,2100
SKU02102,2101
SKU02103,2102
SKU02104,2103
SKU02105,2104
SKU02106,2105
SKU02107,2106
SKU02108,2107
SKU02109,2108
SKU02110,2109
SKU02111,2110
SKU02112,2111
SKU02113,2112
SKU02114,2113
SKU02115,2114
SKU02116,2115
SKU02117,2116
SKU02118,2117
SKU02119,2118
SKU02120,2119
SKU02121,2120
SKU02122,2121
SKU02123,2122
SKU02124,2123
SKU02125,2124
SKU02126,2125
SKU02127,2126
SKU02128,2127
SKU02129,2128
SKU02130,2129
SKU02131,2130
SKU02132,2131
SKU02133,2132
SKU02134,2133
SKU02135,2134
SKU02136,2135
SKU02137,2136
SKU02138,2137
SKU02139,2138
SKU02140,2139
SKU02141,2140
SKU02142,2141
SKU02143,2142
SKU02144,2143
SKU02145,2144
SKU02146,2145
SKU02147,2146
SKU02148,2147
SKU02149,2148
SKU02150,2149
SKU02151,2150
SKU02152,2151
SKU02153,2152
SKU02154,2153
SKU02155,2154
SKU02156,2155
SKU02157,2156
SKU02158,2157
SKU02159,2158
SKU02160,2159
SKU02161,2160
SKU02162,2161
SKU02163,2162
SKU02164,2163
SKU02165,2164
SKU02166,2165
SKU02167,2166
SKU02168,2167
SKU02169,2168
SKU02170,2169
SKU02171,2170
SKU02172,2171
SKU02173,2172
SKU02174,2173
SKU02175,2174
SKU02176,2175
SKU02177,2176
SKU02178,2177
SKU02179,2178
SKU02180,2179
SKU02181,2180
SKU02182,2181
SKU02183,2182
SKU02184,2183
SKU02185,2184
SKU02186,2185
SKU02187,2186
SKU02188,2187
SKU02189,2188
SKU02190,2189
SKU02191,2190
SKU02192,2191
SKU02193,2192
SKU02194,2193
SKU02195,2194
SKU02196,2195
SKU02197,2196
SKU02198,2197
SKU02199,2198
SKU02200,2199
SKU02201,2200
SKU02202,2201
SKU02203,2202
SKU02204,2203
SKU02205,2204
SKU02206,2205
SKU02207,2206
SKU02208,2207
SKU02209,2208
SKU02210,2209
SKU02211,2210
SKU02212,2211
SKU02213,2212
SKU02214,2213
SKU02215,2214
SKU02216,2215
SKU02217,2216
SKU02218,2217
SKU02219,2218
SKU02220,2219
SKU02221,2220
SKU02222,2221
SKU02223,2222
SKU02224,2223
SKU02225,2224
SKU02226,2225
SKU02227,2226
SKU02228,2227
SKU02229,2228
SKU02230,2229
SKU02231,2230
SKU02232,2231
SKU02233,2232
SKU02234,2233
SKU02235,2234
SKU02236,2235
SKU02237,2236
SKU02238,2237
SKU02239,2238
SKU02240,2239
SKU02241,2240
SKU02242,2241
SKU02243,2242
SKU02244,2243
SKU02245,2244
SKU02246,2245
SKU02247,2246
SKU02248,2247
SKU02249,2248
SKU02250,2249
SKU02251,2250
SKU02252,2251
SKU02253,2252
SKU02254,2253
SKU02255,2254
SKU02256,2255
SKU02257,2256
SKU02258,2257
SKU02259,2258
SKU02260,2259
SKU02261,2260
SKU02262,2261
SKU02263,2262
SKU02264,2263
SKU02265,2264
SKU02266,2265
SKU02267,2266
SKU02268,2267
SKU02269,2268
SKU02270,2269
SKU02271,2270
SKU02272,2271
SKU02273,2272
SKU02274,2273
SKU02275,2274
SKU02276,2275
SKU02277,2276
SKU02278,2277
SKU02279,2278
SKU02280,2279
SKU02281,2280
SKU02282,2281
SKU02283,2282
SKU02284,2283
SKU02285,2284
SKU02286,2285
SKU02287,2286
SKU02288,2287
SKU02289,2288
SKU02290,2289
SKU02291,2290
SKU02292,2291
SKU02293,2292
SKU02294,2293
SKU02295,2294
SKU02296,2295
SKU02297,2296
SKU02298,2297
SKU02299,2298
SKU02300,2299
SKU02301,2300
SKU02302,2301
SKU02303,2302
SKU02304,2303
SKU02305,2304
SKU02306,2305
SKU02307,2306
SKU02308,2307
SKU02309,2308
SKU02310,2309
SKU02311,2310
SKU02312,2311
SKU02313,2312
SKU02314,2313
SKU02315,2314
SKU02316,2315
SKU02317,2316
SKU02318,2317
SKU02319,2318
SKU02320,2319
SKU02321,2320
SKU02322,2321
SKU02323,2322
SKU02324,2323
SKU02325,2324
SKU02326,2325
SKU02327,2326
SKU02328,2327
SKU02329,2328
SKU02330,2329
SKU02331,2330
SKU02332,2331
SKU02333,2332
SKU02334,2333
SKU02335,2334
SKU02336,2335
SKU02337,2336
SKU02338,2337
SKU02339,2338
SKU02340,2339
SKU02341,2340
SKU02342,2341
SKU02343,2342
SKU02344,2343
SKU02345,2344
SKU02346,2345
SKU02347,2346
SKU02348,2347
SKU02349,2348
SKU02350,2349
SKU02351,2350
SKU02352,2351
SKU02353,2352
SKU02354,2353
SKU02355,2354
SKU02356,2355
SKU02357,2356
SKU02358,2357
SKU02359,2358
SKU02360,2359
SKU02361,2360
SKU02362,2361
SKU02363,2362
SKU02364,2363
SKU02365,2364
SKU02366,2365
SKU02367,2366
SKU02368,2367
SKU02369,2368
SKU02370,2369
SKU02371,2370
SKU02372,2371
SKU02373,2372
SKU02374,2373
SKU02375,2374
SKU02376,2375
SKU02377,2376
SKU02378,2377
SKU02379,2378
SKU02380,2379
SKU02381,2380
SKU02382,2381
SKU02383,2382
SKU02384,2383
SKU02385,2384
SKU02386,2385
SKU02387,2386
SKU02388,2387
SKU02389,2388
SKU02390,2389
SKU02391,2390
SKU02392,2391
SKU02393,2392
SKU02394,2393
SKU02395,2394
SKU02396,2395
SKU02397,2396
SKU02398,2397
SKU02399,2398
SKU02400,2399
SKU02401,2400
SKU02402,2401
SKU02403,2402
SKU02404,2403
SKU02405,2404
SKU02406,2405
SKU02407,2406
SKU02408,2407
SKU02409,2408
SKU02410,2409
SKU02411,2410
SKU02412,2411
SKU02413,2412
SKU02414,2413
SKU02415,2414
SKU02416,2415
SKU02417,2416
SKU02418,2417
SKU02419,2418
SKU02420,2419
SKU02421,2420
SKU02422,2421
SKU02423,2422
SKU02424,2423
SKU02425,2424
SKU02426,2425
SKU02427,2426
SKU02428,2427
SKU02429,2428
SKU02430,2429
SKU02431,2430
SKU02432,2431
SKU02433,2432
SKU02434,2433
SKU02435,2434
SKU02436,2435
SKU02437,2436
SKU02438,2437
SKU02439,2438
SKU02440,2439
SKU02441,2440
SKU02442,2441
SKU02443,2442
SKU02444,2443
SKU02445,2444
SKU02446,2445
SKU02447,2446
SKU02448,2447
SKU02449,2448
SKU02450,2449
SKU02451,2450
SKU02452,2451
SKU02453,2452
SKU02454,2453
SKU02455,2454
SKU02456,2455
SKU02457,2456
SKU02458,2457
SKU02459,2458
SKU02460,2459
SKU02461,2460
SKU02462,2461
SKU02463,2462
SKU02464,2463
SKU02465,2464
SKU02466,2465
SKU02467,2466
SKU02468,2467
SKU02469,2468
SKU02470,2469
SKU02471,2470
SKU02472,2471
SKU02473,2472
SKU02474,2473
SKU02475,2474
SKU02476,2475
SKU02477,2476
SKU02478,2477
SKU02479,2478
SKU02480,2479
SKU02481,2480
SKU02482,2481
SKU02483,2482
SKU02484,2483
SKU02485,2484
SKU02486,2485
SKU02487,2486
SKU02488,2487
SKU02489,2488
SKU02490,2489
SKU02491,2490
SKU02492,2491
SKU02493,2492
SKU02494,2493
SKU02495,2494
SKU02496,2495
SKU02497,2496
SKU02498,2497
SKU02499,2498
SKU02500,2499
SKU02501,2500
SKU02502,2501
SKU02503,2502
SKU02504,2503
SKU02505,2504
SKU02506,2505
SKU02507,2506
SKU02508,2507
SKU02509,2508
SKU02510,2509
SKU02511,2510
SKU02512,2511
SKU02513,2512
SKU02514,2513
SKU02515,2514
SKU02516,2515
SKU02517,2516
SKU02518,2517
SKU02519,2518
SKU02520,2519
SKU02521,2520
SKU02522,2521
SKU02523,2522
SKU02524,2523
SKU02525,2524
SKU02526,2525
SKU02527,2526
SKU02528,2527
SKU02529,2528
SKU02530,2529
SKU02531,2530
SKU02532,2531
SKU02533,2532
SKU02534,2533
SKU02535,2534
SKU02536,2535
SKU02537,2536
SKU02538,2537
SKU02539,2538
SKU02540,2539
SKU02541,2540
SKU02542,2541
SKU02543,2542
SKU02544,2543
SKU02545,2544
SKU02546,2545
SKU02547,2546
SKU02548,2547
SKU02549,2548
SKU02550,2549
SKU02551,2550
SKU02552,2551
SKU02553,2552
SKU02554,2553
SKU02555,2554
SKU02556,2555
SKU02557,2556
SKU02558,2557
SKU02559,2558
SKU02560,2559
SKU02561,2560
SKU02562,2561
SKU02563,2562
SKU02564,2563
SKU02565,2564
SKU02566,2565
SKU02567,2566
SKU02568,2567
SKU02569,2568
SKU02570,2569
SKU02571,2570
SKU02572,2571
SKU02573,2572
SKU02574,2573
SKU02575,2574
SKU02576,2575
SKU02577,2576
SKU02578,2577
SKU02579,2578
SKU02580,2579
SKU02581,2580
SKU02582,2581
SKU02583,2582
SKU02584,2583
SKU02585,2584
SKU02586,2585
SKU02587,2586
SKU02588,2587
SKU02589,2588
SKU02590,2589
SKU02591,2590
SKU02592,2591
SKU02593,2592
SKU02594,2593
SKU02595,2594
SKU02596,2595
SKU02597,2596
SKU02598,2597
SKU02599,2598
SKU02600,2599
SKU02601,2600
SKU02602,2601
SKU02603,2602
SKU02604,2603
SKU02605,2604
SKU02606,2605
SKU02607,2606
SKU02608,2607
SKU02609,2608
SKU02610,2609
SKU02611,2610
SKU02612,2611
SKU02613,2612
SKU02614,2613
SKU02615,2614
SKU02616,2615
SKU02617,2616
SKU02618,2617
SKU02619,2618
SKU02620,2619
SKU02621,2620
SKU02622,2621
SKU02623,2622
SKU02624,2623
SKU02625,2624
SKU02626,2625
SKU02627,2626
SKU02628,2627
SKU02629,2628
SKU02630,2629
SKU02631,2630
SKU02632,2631
SKU02633,2632
SKU02634,2633
SKU02635,2634
SKU02636,2635
SKU02637,2636
SKU02638,2637
SKU02639,2638
SKU02640,2639
SKU02641,2640
SKU02642,2641
SKU02643,2642
SKU02644,2643
SKU02645,2644
SKU02646,2645
SKU02647,2646
SKU02648,2647
SKU02649,2648
SKU02650,2649
SKU02651,2650
SKU02652,2651
SKU02653,2652
SKU02654,2653
SKU02655,2654
SKU02656,2655
SKU02657,2656
SKU02658,2657
SKU02659,2658
SKU02660,2659
SKU02661,2660
SKU02662,2661
SKU02663,2662
SKU02664,2663
SKU02665,2664
SKU02666,2665
SKU02667,2666
SKU02668,2667
SKU02669,2668
SKU02670,2669
SKU02671,2670
SKU02672,2671
SKU02673,2672
SKU02674,2673
SKU02675,2674
SKU02676,2675
SKU02677,2676
SKU02678,2677
SKU02679,2678
SKU02680,2679
SKU02681,2680
SKU02682,2681
SKU02683,2682
SKU02684,2683
SKU02685,2684
SKU02686,2685
SKU02687,2686
SKU02688,2687
SKU02689,2688
SKU02690,2689
SKU02691,2690
SKU02692,2691
SKU02693,2692
SKU02694,2693
SKU02695,2694
SKU02696,2695
SKU02697,2696
SKU02698,2697
SKU02699,2698
SKU02700,2699
SKU02701,2700
SKU02702,2701
SKU02703,2702
SKU02704,2703
SKU02705,2704
SKU02706,2705
SKU02707,2706
SKU02708,2707
SKU02709,2708
SKU02710,2709
SKU02711,2710
SKU02712,2711
SKU02713,2712
SKU02714,2713
SKU02715,2714
SKU02716,2715
SKU02717,2716
SKU02718,2717
SKU02719,2718
SKU02720,2719
SKU02721,2720
SKU02722,2721
SKU02723,2722
SKU02724,2723
SKU02725,2724
SKU02726,2725
SKU02727,2726
SKU02728,2727
SKU02729,2728
SKU02730,2729
SKU02731,2730
SKU02732,2731
SKU02733,2732
SKU02734,2733
SKU02735,2734
SKU02736,2735
SKU02737,2736
SKU02738,2737
SKU02739,2738
SKU02740,2739
SKU02741,2740
SKU02742,2741
SKU02743,2742
SKU02744,2743
SKU02745,2744
SKU02746,2745
SKU02747,2746
SKU02748,2747
SKU02749,2748
SKU02750,2749
SKU02751,2750
SKU02752,2751
SKU02753,2752
SKU02754,2753
SKU02755,2754
SKU02756,2755
SKU02757,2756
SKU02758,2757
SKU02759,2758
SKU02760,2759
SKU02761,2760
SKU02762,2761
SKU02763,2762
SKU02764,2763
SKU02765,2764
SKU02766,2765
SKU02767,2766
SKU02768,2767
SKU02769,2768
SKU02770,2769
SKU02771,2770
SKU02772,2771
SKU02773,2772
SKU02774,2773
SKU02775,2774
SKU02776,2775
SKU02777,2776
SKU02778,2777
SKU02779,2778
SKU02780,2779
SKU02781,2780
SKU02782,2781
SKU02783,2782
SKU02784,2783
SKU02785,2784
SKU02786,2785
SKU02787,2786
SKU02788,2787
SKU02789,2788
SKU02790,2789
SKU02791,2790
SKU02792,2791
SKU02793,2792
SKU02794,2793
SKU02795,2794
SKU02796,2795
SKU02797,2796
SKU02798,2797
SKU02799,2798
SKU02800,2799
SKU02801,2800
SKU02802,2801
SKU02803,2802
SKU02804,2803
SKU02805,2804
SKU02806,2805
SKU02807,2806
SKU02808,2807
SKU02809,2808
SKU02810,2809
SKU02811,2810
SKU02812,2811
SKU02813,2812
SKU02814,2813
SKU02815,2814
SKU02816,2815
SKU02817,2816
SKU02818,2817
SKU02819,2818
SKU02820,2819
SKU02821,2820
SKU02822,2821
SKU02823,2822
SKU02824,2823
SKU02825,2824
SKU02826,2825
SKU02827,2826
SKU02828,2827
SKU02829,2828
SKU02830,2829
SKU02831,2830
SKU02832,2831
SKU02833,2832
SKU02834,2833
SKU02835,2834
SKU02836,2835
SKU02837,2836
SKU02838,2837
SKU02839,2838
SKU02840,2839
SKU02841,2840
SKU02842,2841
SKU02843,2842
SKU02844,2843
SKU02845,2844
SKU02846,2845
SKU02847,2846
SKU02848,2847
SKU02849,2848
SKU02850,2849
SKU02851,2850
SKU02852,2851
SKU02853,2852
SKU02854,2853
SKU02855,2854
SKU02856,2855
SKU02857,2856
SKU02858,2857
SKU02859,2858
SKU02860,2859
SKU02861,2860
SKU02862,2861
SKU02863,2862
SKU02864,2863
SKU02865,2864
SKU02866,2865
SKU02867,2866
SKU02868,2867
SKU02869,2868
SKU02870,2869
SKU02871,2870
SKU02872,2871
SKU02873,2872
SKU02874,2873
SKU02875,2874
SKU02876,2875
SKU02877,2876
SKU02878,2877
SKU02879,2878
SKU02880,2879
SKU02881,2880
SKU02882,2881
SKU02883,2882
SKU02884,2883
SKU02885,2884
SKU02886,2885
SKU02887,2886
SKU02888,2887
SKU02889,2888
SKU02890,2889
SKU02891,2890
SKU02892,2891
SKU02893,2892
SKU02894,2893
SKU02895,2894
SKU02896,2895
SKU02897,2896
SKU02898,2897
SKU02899,2898
SKU02900,2899
SKU02901,2900
SKU02902,2901
SKU02903,2902
SKU02904,2903
SKU02905,2904
SKU02906,2905
SKU02907,2906
SKU02908,2907
SKU02909,2908
SKU02910,2909
SKU02911,2910
SKU02912,2911
SKU02913,2912
SKU02914,2913
SKU02915,2914
SKU02916,2915
SKU02917,2916
SKU02918,2917
SKU02919,2918
SKU02920,2919
SKU02921,2920
SKU02922,2921
SKU02923,2922
SKU02924,2923
SKU02925,2924
SKU02926,2925
SKU02927,2926
SKU02928,2927
SKU02929,2928
SKU02930,2929
SKU02931,2930
SKU02932,2931
SKU02933,2932
SKU02934,2933
SKU02935,2934
SKU02936,2935
SKU02937,2936
SKU02938,2937
SKU02939,2938
SKU02940,2939
SKU02941,2940
SKU02942,2941
SKU02943,2942
SKU02944,2943
SKU02945,2944
SKU02946,2945
SKU02947,2946
SKU02948,2947
SKU02949,2948
SKU02950,2949
SKU02951,2950
SKU02952,2951
SKU02953,2952
SKU02954,2953
SKU02955,2954
SKU02956,2955
SKU02957,2956
SKU02958,2957
SKU02959,2958
SKU02960,2959
SKU02961,2960
SKU02962,2961
SKU02963,2962
SKU02964,2963
SKU02965,2964
SKU02966,2965
SKU02967,2966
SKU02968,2967
SKU02969,2968
SKU02970,2969
SKU02971,2970
SKU02972,2971
SKU02973,2972
SKU02974,2973
SKU02975,2974
SKU02976,2975
SKU02977,2976
SKU02978,2977
SKU02979,2978
SKU02980,2979
SKU02981,2980
SKU02982,2981
SKU02983,2982
SKU02984,2983
SKU02985,2984
SKU02986,2985
SKU02987,2986
SKU02988,2987
SKU02989,2988
SKU02990,2989
SKU02991,2990
SKU02992,2991
SKU02993,2992
SKU02994,2993
SKU02995,2994
SKU02996,2995
SKU02997,2996
SKU02998,2997
SKU02999,2998
SKU03000,2999
SKU03001,3000
SKU03002,3001
SKU03003,3002
SKU03004,3003
SKU03005,3004
SKU03006,3005
SKU03007,3006
SKU03008,3007
SKU03009,3008
SKU03010,3009
SKU03011,3010
SKU03012,3011
SKU03013,3012
SKU03014,3013
SKU03015,3014
SKU03016,3015
SKU03017,3016
SKU03018,3017
SKU03019,3018
SKU03020,3019
SKU03021,3020
SKU03022,3021
SKU03023,3022
SKU03024,3023
SKU03025,3024
SKU03026,3025
SKU03027,3026
SKU03028,3027
SKU03029,3028
SKU03030,3029
SKU03031,3030
SKU03032,3031
SKU03033,3032
SKU03034,3033
SKU03035,3034
SKU03036,3035
SKU03037,3036
SKU03038,3037
SKU03039,3038
SKU03040,3039
SKU03041,3040
SKU03042,3041
SKU03043,3042
SKU03044,3043
SKU03045,3044
SKU03046,3045
SKU03047,3046
SKU03048,3047
SKU03049,3048
SKU03050,3049
SKU03051,3050
SKU03052,3051
SKU03053,3052
SKU03054,3053
SKU03055,3054
SKU03056,3055
SKU03057,3056
SKU03058,3057
SKU03059,3058
SKU03060,3059
SKU03061,3060
SKU03062,3061
SKU03063,3062
SKU03064,3063
SKU03065,3064
SKU03066,3065
SKU03067,3066
SKU03068,3067
SKU03069,3068
SKU03070,3069
SKU03071,3070
SKU03072,3071
SKU03073,3072
SKU03074,3073
SKU03075,3074
SKU03076,3075
SKU03077,3076
SKU03078,3077
SKU03079,3078
SKU03080,3079
SKU03081,3080
SKU03082,3081
SKU03083,3082
SKU03084,3083
SKU03085,3084
SKU03086,3085
SKU03087,3086
SKU03088,3087
SKU03089,3088
SKU03090,3089
SKU03091,3090
SKU03092,3091
SKU03093,3092
SKU03094,3093
SKU03095,3094
SKU03096,3095
SKU03097,3096
SKU03098,3097
SKU03099,3098
SKU03100,3099
SKU03101,3100
SKU03102,3101
SKU03103,3102
SKU03104,3103
SKU03105,3104
SKU03106,3105
SKU03107,3106
SKU03108,3107
SKU03109,3108
SKU03110,3109
SKU03111,3110
SKU03112,3111
SKU03113,3112
SKU03114,3113
SKU03115,3114
SKU03116,3115
SKU03117,3116
SKU03118,3117
SKU03119,3118
SKU03120,3119
SKU03121,3120
SKU03122,3121
SKU03123,3122
SKU03124,3123
SKU03125,3124
SKU03126,3125
SKU03127,3126
SKU03128,3127
SKU03129,3128
SKU03130,3129
SKU03131,3130
SKU03132,3131
SKU03133,3132
SKU03134,3133
SKU03135,3134
SKU03136,3135
SKU03137,3136
SKU03138,3137
SKU03139,3138
SKU03140,3139
SKU03141,3140
SKU03142,3141
SKU03143,3142
SKU03144,3143
SKU03145,3144
SKU03146,3145
SKU03147,3146
SKU03148,3147
SKU03149,3148
SKU03150,3149
SKU03151,3150
SKU03152,3151
SKU03153,3152
SKU03154,3153
SKU03155,3154
SKU03156,3155
SKU03157,3156
SKU03158,3157
SKU03159,3158
SKU03160,3159
SKU03161,3160
SKU03162,3161
SKU03163,3162
SKU03164,3163
SKU03165,3164
SKU03166,3165
SKU03167,3166
SKU03168,3167
SKU03169,3168
SKU03170,3169
SKU03171,3170
SKU03172,3171
SKU03173,3172
SKU03174,3173
SKU03175,3174
SKU03176,3175
SKU03177,3176
SKU03178,3177
SKU03179,3178
SKU03180,3179
SKU03181,3180
SKU03182,3181
SKU03183,3182
SKU03184,3183
SKU03185,3184
SKU03186,3185
SKU03187,3186
SKU03188,3187
SKU03189,3188
SKU03190,3189
SKU03191,3190
SKU03192,3191
SKU03193,3192
SKU03194,3193
SKU03195,3194
SKU03196,3195
SKU03197,3196
SKU03198,3197
SKU03199,3198
SKU03200,3199
SKU03201,3200
SKU03202,3201
SKU03203,3202
SKU03204,3203
SKU03205,3204
SKU03206,3205
SKU03207,3206
SKU03208,3207
SKU03209,3208
SKU03210,3209
SKU03211,3210
SKU03212,3211
SKU03213,3212
SKU03214,3213
SKU03215,3214
SKU03216,3215
SKU03217,3216
SKU03218,3217
SKU03219,3218
SKU03220,3219
SKU03221,3220
SKU03222,3221
SKU03223,3222
SKU03224,3223
SKU03225,3224
SKU03226,3225
SKU03227,3226
SKU03228,3227
SKU03229,3228
SKU03230,3229
SKU03231,3230
SKU03232,3231
SKU03233,3232
SKU03234,3233
SKU03235,3234
SKU03236,3235
SKU03237,3236
SKU03238,3237
SKU03239,3238
SKU03240,3239
SKU03241,3240
SKU03242,3241
SKU03243,3242
SKU03244,3243
SKU03245,3244
SKU03246,3245
SKU03247,3246
SKU03248,3247
SKU03249,3248
SKU03250,3249
SKU03251,3250
SKU03252,3251
SKU03253,3252
SKU03254,3253
SKU03255,3254
SKU03256,3255
SKU03257,3256
SKU03258,3257
SKU03259,3258
SKU03260,3259
SKU03261,3260
SKU03262,3261
SKU03263,3262
SKU03264,3263
SKU03265,3264
SKU03266,3265
SKU03267,3266
SKU03268,3267
SKU03269,3268
SKU03270,3269
SKU03271,3270
SKU03272,3271
SKU03273,3272
SKU03274,3273
SKU03275,3274
SKU03276,3275
SKU03277,3276
SKU03278,3277
SKU03279,3278
SKU03280,3279
SKU03281,3280
SKU03282,3281
SKU03283,3282
SKU03284,3283
SKU03285,3284
SKU03286,3285
SKU03287,3286
SKU03288,3287
SKU03289,3288
SKU03290,3289
SKU03291,3290
SKU03292,3291
SKU03293,3292
SKU03294,3293
SKU03295,3294
SKU03296,3295
SKU03297,3296
SKU03298,3297
SKU03299,3298
SKU03300,3299
SKU03301,3300
SKU03302,3301
SKU03303,3302
SKU03304,3303
SKU03305,3304
SKU03306,3305
SKU03307,3306
SKU03308,3307
SKU03309,3308
SKU03310,3309
SKU03311,3310
SKU03312,3311
SKU03313,3312
SKU03314,3313
SKU03315,3314
SKU03316,3315
SKU03317,3316
SKU03318,3317
SKU03319,3318
SKU03320,3319
SKU03321,3320
SKU03322,3321
SKU03323,3322
SKU03324,3323
SKU03325,3324
SKU03326,3325
SKU03327,3326
SKU03328,3327
SKU03329,3328
SKU03330,3329
SKU03331,3330
SKU03332,3331
SKU03333,3332
SKU03334,3333
SKU03335,3334
SKU03336,3335
SKU03337,3336
SKU03338,3337
SKU03339,3338
SKU03340,3339
SKU03341,3340
SKU03342,3341
SKU03343,3342
SKU03344,3343
SKU03345,3344
SKU03346,3345
SKU03347,3346
SKU03348,3347
SKU03349,3348
SKU03350,3349
SKU03351,3350
SKU03352,3351
SKU03353,3352
SKU03354,3353
SKU03355,3354
SKU03356,3355
SKU03357,3356
SKU03358,3357
SKU03359,3358
SKU03360,3359
SKU03361,3360
SKU03362,3361
SKU03363,3362
SKU03364,3363
SKU03365,3364
SKU03366,3365
SKU03367,3366
SKU03368,3367
SKU03369,3368
SKU03370,3369
SKU03371,3370
SKU03372,3371
SKU03373,3372
SKU03374,3373
SKU03375,3374
SKU03376,3375
SKU03377,3376
SKU03378,3377
SKU03379,3378
SKU03380,3379
SKU03381,3380
SKU03382,3381
SKU03383,3382
SKU03384,3383
SKU03385,3384
SKU03386,3385
SKU03387,3386
SKU03388,3387
SKU03389,3388
SKU03390,3389
SKU03391,3390
SKU03392,3391
SKU03393,3392
SKU03394,3393
SKU03395,3394
SKU03396,3395
SKU03397,3396
SKU03398,3397
SKU03399,3398
SKU03400,3399
SKU03401,3400
SKU03402,3401
SKU03403,3402
SKU03404,3403
SKU03405,3404
SKU03406,3405
SKU03407,3406
SKU03408,3407
SKU03409,3408
SKU03410,3409
SKU03411,3410
SKU03412,3411
SKU03413,3412
SKU03414,3413
SKU03415,3414
SKU03416,3415
SKU03417,3416
SKU03418,3417
SKU03419,3418
SKU03420,3419
SKU03421,3420
SKU03422,3421
SKU03423,3422
SKU03424,3423
SKU03425,3424
SKU03426,3425
SKU03427,3426
SKU03428,3427
SKU03429,3428
SKU03430,3429
SKU03431,3430
SKU03432,3431
SKU03433,3432
SKU03434,3433
SKU03435,3434
SKU03436,3435
SKU03437,3436
SKU03438,3437
SKU03439,3438
SKU03440,3439
SKU03441,3440
SKU03442,3441
SKU03443,3442
SKU03444,3443
SKU03445,3444
SKU03446,3445
SKU03447,3446
SKU03448,3447
SKU03449,3448
SKU03450,3449
SKU03451,3450
SKU03452,3451
SKU03453,3452
SKU03454,3453
SKU03455,3454
SKU03456,3455
SKU03457,3456
SKU03458,3457
SKU03459,3458
SKU03460,3459
SKU03461,3460
SKU03462,3461
SKU03463,3462
SKU03464,3463
SKU03465,3464
SKU03466,3465
SKU03467,3466
SKU03468,3467
SKU03469,3468
SKU03470,3469
SKU03471,3470
SKU03472,3471
SKU03473,3472
SKU03474,3473
SKU03475,3474
SKU03476,3475
SKU03477,3476
SKU03478,3477
SKU03479,3478
SKU03480,3479
SKU03481,3480
SKU03482,3481
SKU03483,3482
SKU03484,3483
SKU03485,3484
SKU03486,3485
SKU03487,3486
SKU03488,3487
SKU03489,3488
SKU03490,3489
SKU03491,3490
SKU03492,3491
SKU03493,3492
SKU03494,3493
SKU03495,3494
SKU03496,3495
SKU03497,3496
SKU03498,3497
SKU03499,3498
SKU03500,3499
SKU03501,3500
SKU03502,3501
SKU03503,3502
SKU03504,3503
SKU03505,3504
SKU03506,3505
SKU03507,3506
SKU03508,3507
SKU03509,3508
SKU03510,3509
SKU03511,3510
SKU03512,3511
SKU03513,3512
SKU03514,3513
SKU03515,3514
SKU03516,3515
SKU03517,3516
SKU03518,3517
SKU03519,3518
SKU03520,3519
SKU03521,3520
SKU03522,3521
SKU03523,3522
SKU03524,3523
SKU03525,3524
SKU03526,3525
SKU03527,3526
SKU03528,3527
SKU03529,3528
SKU03530,3529
SKU03531,3530
SKU03532,3531
SKU03533,3532
SKU03534,3533
SKU03535,3534
SKU03536,3535
SKU03537,3536
SKU03538,3537
SKU03539,3538
SKU03540,3539
SKU03541,3540
SKU03542,3541
SKU03543,3542
SKU03544,3543
SKU03545,3544
SKU03546,3545
SKU03547,3546
SKU03548,3547
SKU03549,3548
SKU03550,3549
SKU03551,3550
SKU03552,3551
SKU03553,3552
SKU03554,3553
SKU03555,3554
SKU03556,3555
SKU03557,3556
SKU03558,3557
SKU03559,3558
SKU03560,3559
SKU03561,3560
SKU03562,3561
SKU03563,3562
SKU03564,3563
SKU03565,3564
SKU03566,3565
SKU03567,3566
SKU03568,3567
SKU03569,3568
SKU03570,3569
SKU03571,3570
SKU03572,3571
SKU03573,3572
SKU03574,3573
SKU03575,3574
SKU03576,3575
SKU03577,3576
SKU03578,3577
SKU03579,3578
SKU03580,3579
SKU03581,3580
SKU03582,3581
SKU03583,3582
SKU03584,3583
SKU03585,3584
SKU03586,3585
SKU03587,3586
SKU03588,3587
SKU03589,3588
SKU03590,3589
SKU03591,3590
SKU03592,3591
SKU03593,3592
SKU03594,3593
SKU03595,3594
SKU03596,3595
SKU03597,3596
SKU03598,3597
SKU03599,3598
SKU03600,3599
SKU03601,3600
SKU03602,3601
SKU03603,3602
SKU03604,3603
SKU03605,3604
SKU03606,3605
SKU03607,3606
SKU03608,3607
SKU03609,3608
SKU03610,3609
SKU03611,3610
SKU03612,3611
SKU03613,3612
SKU03614,3613
SKU03615,3614
SKU03616,3615
SKU03617,3616
SKU03618,3617
SKU03619,3618
SKU03620,3619
SKU03621,3620
SKU03622,3621
SKU03623,3622
SKU03624,3623
SKU03625,3624
SKU03626,3625
SKU03627,3626
SKU03628,3627
SKU03629,3628
SKU03630,3629
SKU03631,3630
SKU03632,3631
SKU03633,3632
SKU03634,3633
SKU03635,3634
SKU03636,3635
SKU03637,3636
SKU03638,3637
SKU03639,3638
SKU03640,3639
SKU03641,3640
SKU03642,3641
SKU03643,3642
SKU03644,3643
SKU03645,3644
SKU03646,3645
SKU03647,3646
SKU03648,3647
SKU03649,3648
SKU03650,3649
SKU03651,3650
SKU03652,3651
SKU03653,3652
SKU03654,3653
SKU03655,3654
SKU03656,3655
SKU03657,3656
SKU03658,3657
SKU03659,3658
SKU03660,3659
SKU03661,3660
SKU03662,3661
SKU03663,3662
SKU03664,3663
SKU03665,3664
SKU03666,3665
SKU03667,3666
SKU03668,3667
SKU03669,3668
SKU03670,3669
SKU03671,3670
SKU03672,3671
SKU03673,3672
SKU03674,3673
SKU03675,3674
SKU03676,3675
SKU03677,3676
SKU03678,3677
SKU03679,3678
SKU03680,3679
SKU03681,3680
SKU03682,3681
SKU03683,3682
SKU03684,3683
SKU03685,3684
SKU03686,3685
SKU03687,3686
SKU03688,3687
SKU03689,3688
SKU03690,3689
SKU03691,3690
SKU03692,3691
SKU03693,3692
SKU03694,3693
SKU03695,3694
SKU03696,3695
SKU03697,3696
SKU03698,3697
SKU03699,3698
SKU03700,3699
SKU03701,3700
SKU03702,3701
SKU03703,3702
SKU03704,3703
SKU03705,3704
SKU03706,3705
SKU03707,3706
SKU03708,3707
SKU03709,3708
SKU03710,3709
SKU03711,3710
SKU03712,3711
SKU03713,3712
SKU03714,3713
SKU03715,3714
SKU03716,3715
SKU03717,3716
SKU03718,3717
SKU03719,3718
SKU03720,3719
SKU03721,3720
SKU03722,3721
SKU03723,3722
SKU03724,3723
SKU03725,3724
SKU03726,3725
SKU03727,3726
SKU03728,3727
SKU03729,3728
SKU03730,3729
SKU03731,3730
SKU03732,3731
SKU03733,3732
SKU03734,3733
SKU03735,3734
SKU03736,3735
SKU03737,3736
SKU03738,3737
SKU03739,3738
SKU03740,3739
SKU03741,3740
SKU03742,3741
SKU03743,3742
SKU03744,3743
SKU03745,3744
SKU03746,3745
SKU03747,3746
SKU03748,3747
SKU03749,3748
SKU03750,3749
SKU03751,3750
SKU03752,3751
SKU03753,3752
SKU03754,3753
SKU03755,3754
SKU03756,3755
SKU03757,3756
SKU03758,3757
SKU03759,3758
SKU03760,3759
SKU03761,3760
SKU03762,3761
SKU03763,3762
SKU03764,3763
SKU03765,3764
SKU03766,3765
SKU03767,3766
SKU03768,3767
SKU03769,3768
SKU03770,3769
SKU03771,3770
SKU03772,3771
SKU03773,3772
SKU03774,3773
SKU03775,3774
SKU03776,3775
SKU03777,3776
SKU03778,3777
SKU03779,3778
SKU03780,3779
SKU03781,3780
SKU03782,3781
SKU03783,3782
SKU03784,3783
SKU03785,3784
SKU03786,3785
SKU03787,3786
SKU03788,3787
SKU03789,3788
SKU03790,3789
SKU03791,3790
SKU03792,3791
SKU03793,3792
SKU03794,3793
SKU03795,3794
SKU03796,3795
SKU03797,3796
SKU03798,3797
SKU03799,3798
SKU03800,3799
SKU03801,3800
SKU03802,3801
SKU03803,3802
SKU03804,3803
SKU03805,3804
SKU03806,3805
SKU03807,3806
SKU03808,3807
SKU03809,3808
SKU03810,3809
SKU03811,3810
SKU03812,3811
SKU03813,3812
SKU03814,3813
SKU03815,3814
SKU03816,3815
SKU03817,3816
SKU03818,3817
SKU03819,3818
SKU03820,3819
SKU03821,3820
SKU03822,3821
SKU03823,3822
SKU03824,3823
SKU03825,3824
SKU03826,3825
SKU03827,3826
SKU03828,3827
SKU03829,3828
SKU03830,3829
SKU03831,3830
SKU03832,3831
SKU03833,3832
SKU03834,3833
SKU03835,3834
SKU03836,3835
SKU03837,3836
SKU03838,3837
SKU03839,3838
SKU03840,3839
SKU03841,3840
SKU03842,3841
SKU03843,3842
SKU03844,3843
SKU03845,3844
SKU03846,3845
SKU03847,3846
SKU03848,3847
SKU03849,3848
SKU03850,3849
SKU03851,3850
SKU03852,3851
SKU03853,3852
SKU03854,3853
SKU03855,3854
SKU03856,3855
SKU03857,3856
SKU03858,3857
SKU03859,3858
SKU03860,3859
SKU03861,3860
SKU03862,3861
SKU03863,3862
SKU03864,3863
SKU03865,3864
SKU03866,3865
SKU03867,3866
SKU03868,3867
SKU03869,3868
SKU03870,3869
SKU03871,3870
SKU03872,3871
SKU03873,3872
SKU03874,3873
SKU03875,3874
SKU03876,3875
SKU03877,3876
SKU03878,3877
SKU03879,3878
SKU03880,3879
SKU03881,3880
SKU03882,3881
SKU03883,3882
SKU03884,3883
SKU03885,3884
SKU03886,3885
SKU03887,3886
SKU03888,3887
SKU03889,3888
SKU03890,3889
SKU03891,3890
SKU03892,3891
SKU03893,3892
SKU03894,3893
SKU03895,3894
SKU03896,3895
SKU03897,3896
SKU03898,3897
SKU03899,3898
SKU03900,3899
SKU03901,3900
SKU03902,3901
SKU03903,3902
SKU03904,3903
SKU03905,3904
SKU03906,3905
SKU03907,3906
SKU03908,3907
SKU03909,3908
SKU03910,3909
SKU03911,3910
SKU03912,3911
SKU03913,3912
SKU03914,3913
SKU03915,3914
SKU03916,3915
SKU03917,3916
SKU03918,3917
SKU03919,3918
SKU03920,3919
SKU03921,3920
SKU03922,3921
SKU03923,3922
SKU03924,3923
SKU03925,3924
SKU03926,3925
SKU03927,3926
SKU03928,3927
SKU03929,3928
SKU03930,3929
SKU03931,3930
SKU03932,3931
SKU03933,3932
SKU03934,3933
SKU03935,3934
SKU03936,3935
SKU03937,3936
SKU03938,3937
SKU03939,3938
SKU03940,3939
SKU03941,3940
SKU03942,3941
SKU03943,3942
SKU03944,3943
SKU03945,3944
SKU03946,3945
SKU03947,3946
SKU03948,3947
SKU03949,3948
SKU03950,3949
SKU03951,3950
SKU03952,3951
SKU03953,3952
SKU03954,3953
SKU03955,3954
SKU03956,3955
SKU03957,3956
SKU03958,3957
SKU03959,3958
SKU03960,3959
SKU03961,3960
SKU03962,3961
SKU03963,3962
SKU03964,3963
SKU03965,3964
SKU03966,3965
SKU03967,3966
SKU03968,3967
SKU03969,3968
SKU03970,3969
SKU03971,3970
SKU03972,3971
SKU03973,3972
SKU03974,3973
SKU03975,3974
SKU03976,3975
SKU03977,3976
SKU03978,3977
SKU03979,3978
SKU03980,3979
SKU03981,3980
SKU03982,3981
SKU03983,3982
SKU03984,3983
SKU03985,3984
SKU03986,3985
SKU03987,3986
SKU03988,3987
SKU03989,3988
SKU03990,3989
SKU03991,3990
SKU03992,3991
SKU03993,3992
SKU03994,3993
SKU03995,3994
SKU03996,3995
SKU03997,3996
SKU03998,3997
SKU03999,3998
SKU04000,3999
SKU04001,4000
SKU04002,4001
SKU04003,4002
SKU04004,4003
SKU04005,4004
SKU04006,4005
SKU04007,4006
SKU04008,4007
SKU04009,4008
SKU04010,4009
SKU04011,4010
SKU04012,4011
SKU04013,4012
SKU04014,4013
SKU04015,4014
SKU04016,4015
SKU04017,4016
SKU04018,4017
SKU04019,4018
SKU04020,4019
SKU04021,4020
SKU04022,4021
SKU04023,4022
SKU04024,4023
SKU04025,4024
SKU04026,4025
SKU04027,4026
SKU04028,4027
SKU04029,4028
SKU04030,4029
SKU04031,4030
SKU04032,4031
SKU04033,4032
SKU04034,4033
SKU04035,4034
SKU04036,4035
SKU04037,4036
SKU04038,4037
SKU04039,4038
SKU04040,4039
SKU04041,4040
SKU04042,4041
SKU04043,4042
SKU04044,4043
SKU04045,4044
SKU04046,4045
SKU04047,4046
SKU04048,4047
SKU04049,4048
SKU04050,4049
SKU04051,4050
SKU04052,4051
SKU04053,4052
SKU04054,4053
SKU04055,4054
SKU04056,4055
SKU04057,4056
SKU04058,4057
SKU04059,4058
SKU04060,4059
SKU04061,4060
SKU04062,4061
SKU04063,4062
SKU04064,4063
SKU04065,4064
SKU04066,4065
SKU04067,4066
SKU04068,4067
SKU04069,4068
SKU04070,4069
SKU04071,4070
SKU04072,4071
SKU04073,4072
SKU04074,4073
SKU04075,4074
SKU04076,4075
SKU04077,4076
SKU04078,4077
SKU04079,4078
SKU04080,4079
SKU04081,4080
SKU04082,4081
SKU04083,4082
SKU04084,4083
SKU04085,4084
SKU04086,4085
SKU04087,4086
SKU04088,4087
SKU04089,4088
SKU04090,4089
SKU04091,4090
SKU04092,4091
SKU04093,4092
SKU04094,4093
SKU04095,4094
SKU04096,4095
SKU04097,4096
SKU04098,4097
SKU04099,4098
SKU04100,4099
SKU04101,4100
SKU04102,4101
SKU04103,4102
SKU04104,4103
SKU04105,4104
SKU04106,4105
SKU04107,4106
SKU04108,4107
SKU04109,4108
SKU04110,4109
SKU04111,4110
SKU04112,4111
SKU04113,4112
SKU04114,4113
SKU04115,4114
SKU04116,4115
SKU04117,4116
SKU04118,4117
SKU04119,4118
SKU04120,4119
SKU04121,4120
SKU04122,4121
SKU04123,4122
SKU04124,4123
SKU04125,4124
SKU04126,4125
SKU04127,4126
SKU04128,4127
SKU04129,4128
SKU04130,4129
SKU04131,4130
SKU04132,4131
SKU04133,4132
SKU04134,4133
SKU04135,4134
SKU04136,4135
SKU04137,4136
SKU04138,4137
SKU04139,4138
SKU04140,4139
SKU04141,4140
SKU04142,4141
SKU04143,4142
SKU04144,4143
SKU04145,4144
SKU04146,4145
SKU04147,4146
SKU04148,4147
SKU04149,4148
SKU04150,4149
SKU04151,4150
SKU04152,4151
SKU04153,4152
SKU04154,4153
SKU04155,4154
SKU04156,4155
SKU04157,4156
SKU04158,4157
SKU04159,4158
SKU04160,4159
SKU04161,4160
SKU04162,4161
SKU04163,4162
SKU04164,4163
SKU04165,4164
SKU04166,4165
SKU04167,4166
SKU04168,4167
SKU04169,4168
SKU04170,4169
SKU04171,4170
SKU04172,4171
SKU04173,4172
SKU04174,4173
SKU04175,4174
SKU04176,4175
SKU04177,4176
SKU04178,4177
SKU04179,4178
SKU04180,4179
SKU04181,4180
SKU04182,4181
SKU04183,4182
SKU04184,4183
SKU04185,4184
SKU04186,4185
SKU04187,4186
SKU04188,4187
SKU04189,4188
SKU04190,4189
SKU04191,4190
SKU04192,4191
SKU04193,4192
SKU04194,4193
SKU04195,4194
SKU04196,4195
SKU04197,4196
SKU04198,4197
SKU04199,4198
SKU04200,4199
SKU04201,4200
SKU04202,4201
SKU04203,4202
SKU04204,4203
SKU04205,4204
SKU04206,4205
SKU04207,4206
SKU04208,4207
SKU04209,4208
SKU04210,4209
SKU04211,4210
SKU04212,4211
SKU04213,4212
SKU04214,4213
SKU04215,4214
SKU04216,4215
SKU04217,4216
SKU04218,4217
SKU04219,4218
SKU04220,4219
SKU04221,4220
SKU04222,4221
SKU04223,4222
SKU04224,4223
SKU04225,4224
SKU04226,4225
SKU04227,4226
SKU04228,4227
SKU04229,4228
SKU04230,4229
SKU04231,4230
SKU04232,4231
SKU04233,4232
SKU04234,4233
SKU04235,4234
SKU04236,4235
SKU04237,4236
SKU04238,4237
SKU04239,4238
SKU04240,4239
SKU04241,4240
SKU04242,4241
SKU04243,4242
SKU04244,4243
SKU04245,4244
SKU04246,4245
SKU04247,4246
SKU04248,4247
SKU04249,4248
SKU04250,4249
SKU04251,4250
SKU04252,4251
SKU04253,4252
SKU04254,4253
SKU04255,4254
SKU04256,4255
SKU04257,4256
SKU04258,4257
SKU04259,4258
SKU04260,4259
SKU04261,4260
SKU04262,4261
SKU04263,4262
SKU04264,4263
SKU04265,4264
SKU04266,4265
SKU04267,4266
SKU04268,4267
SKU04269,4268
SKU04270,4269
SKU04271,4270
SKU04272,4271
SKU04273,4272
SKU04274,4273
SKU04275,4274
SKU04276,4275
SKU04277,4276
SKU04278,4277
SKU04279,4278
SKU04280,4279
SKU04281,4280
SKU04282,4281
SKU04283,4282
SKU04284,4283
SKU04285,4284
SKU04286,4285
SKU04287,4286
SKU04288,4287
SKU04289,4288
SKU04290,4289
SKU04291,4290
SKU04292,4291
SKU04293,4292
SKU04294,4293
SKU04295,4294
SKU04296,4295
SKU04297,4296
SKU04298,4297
SKU04299,4298
SKU04300,4299
SKU04301,4300
SKU04302,4301
SKU04303,4302
SKU04304,4303
SKU04305,4304
SKU04306,4305
SKU04307,4306
SKU04308,4307
SKU04309,4308
SKU04310,4309
SKU04311,4310
SKU04312,4311
SKU04313,4312
SKU04314,4313
SKU04315,4314
SKU04316,4315
SKU04317,4316
SKU04318,4317
SKU04319,4318
SKU04320,4319
SKU04321,4320
SKU04322,4321
SKU04323,4322
SKU04324,4323
SKU04325,4324
SKU04326,4325
SKU04327,4326
SKU04328,4327
SKU04329,4328
SKU04330,4329
SKU04331,4330
SKU04332,4331
SKU04333,4332
SKU04334,4333
SKU04335,4334
SKU04336,4335
SKU04337,4336
SKU04338,4337
SKU04339,4338
SKU04340,4339
SKU04341,4340
SKU04342,4341
SKU04343,4342
SKU04344,4343
SKU04345,4344
SKU04346,4345
SKU04347,4346
SKU04348,4347
SKU04349,4348
SKU04350,4349
SKU04351,4350
SKU04352,4351
SKU04353,4352
SKU04354,4353
SKU04355,4354
SKU04356,4355
SKU04357,4356
SKU04358,4357
SKU04359,4358
SKU04360,4359
SKU04361,4360
SKU04362,4361
SKU04363,4362
SKU04364,4363
SKU04365,4364
SKU04366,4365
SKU04367,4366
SKU04368,4367
SKU04369,4368
SKU04370,4369
SKU04371,4370
SKU04372,4371
SKU04373,4372
SKU04374,4373
SKU04375,4374
SKU04376,4375
SKU04377,4376
SKU04378,4377
SKU04379,4378
SKU04380,4379
SKU04381,4380
SKU04382,4381
SKU04383,4382
SKU04384,4383
SKU04385,4384
SKU04386,4385
SKU04387,4386
SKU04388,4387
SKU04389,4388
SKU04390,4389
SKU04391,4390
SKU04392,4391
SKU04393,4392
SKU04394,4393
SKU04395,4394
SKU04396,4395
SKU04397,4396
SKU04398,4397
SKU04399,4398
SKU04400,4399
SKU04401,4400
SKU04402,4401
SKU04403,4402
SKU04404,4403
SKU04405,4404
SKU04406,4405
SKU04407,4406
SKU04408,4407
SKU04409,4408
SKU04410,4409
SKU04411,4410
SKU04412,4411
SKU04413,4412
SKU04414,4413
SKU04415,4414
SKU04416,4415
SKU04417,4416
SKU04418,4417
SKU04419,4418
SKU04420,4419
SKU04421,4420
SKU04422,4421
SKU04423,4422
SKU04424,4423
SKU04425,4424
SKU04426,4425
SKU04427,4426
SKU04428,4427
SKU04429,4428
SKU04430,4429
SKU04431,4430
SKU04432,4431
SKU04433,4432
SKU04434,4433
SKU04435,4434
SKU04436,4435
SKU04437,4436
SKU04438,4437
SKU04439,4438
SKU04440,4439
SKU04441,4440
SKU04442,4441
SKU04443,4442
SKU04444,4443
SKU04445,4444
SKU04446,4445
SKU04447,4446
SKU04448,4447
SKU04449,4448
SKU04450,4449
SKU04451,4450
SKU04452,4451
SKU04453,4452
SKU04454,4453
SKU04455,4454
SKU04456,4455
SKU04457,4456
SKU04458,4457
SKU04459,4458
SKU04460,4459
SKU04461,4460
SKU04462,4461
SKU04463,4462
SKU04464,4463
SKU04465,4464
SKU04466,4465
SKU04467,4466
SKU04468,4467
SKU04469,4468
SKU04470,4469
SKU04471,4470
SKU04472,4471
SKU04473,4472
SKU04474,4473
SKU04475,4474
SKU04476,4475
SKU04477,4476
SKU04478,4477
SKU04479,4478
SKU04480,4479
SKU04481,4480
SKU04482,4481
SKU04483,4482
SKU04484,4483
SKU04485,4484
SKU04486,4485
SKU04487,4486
SKU04488,4487
SKU04489,4488
SKU04490,4489
SKU04491,4490
SKU04492,4491
SKU04493,4492
SKU04494,4493
SKU04495,4494
SKU04496,4495
SKU04497,4496
SKU04498,4497
SKU04499,4498
SKU04500,4499
SKU04501,4500
SKU04502,4501
SKU04503,4502
SKU04504,4503
SKU04505,4504
SKU04506,4505
SKU04507,4506
SKU04508,4507
SKU04509,4508
SKU04510,4509
SKU04511,4510
SKU04512,4511
SKU04513,4512
SKU04514,4513
SKU04515,4514
SKU04516,4515
SKU04517,4516
SKU04518,4517
SKU04519,4518
SKU04520,4519
SKU04521,4520
SKU04522,4521
SKU04523,4522
SKU04524,4523
SKU04525,4524
SKU04526,4525
SKU04527,4526
SKU04528,4527
SKU04529,4528
SKU04530,4529
SKU04531,4530
SKU04532,4531
SKU04533,4532
SKU04534,4533
SKU04535,4534
SKU04536,4535
SKU04537,4536
SKU04538,4537
SKU04539,4538
SKU04540,4539
SKU04541,4540
SKU04542,4541
SKU04543,4542
SKU04544,4543
SKU04545,4544
SKU04546,4545
SKU04547,4546
SKU04548,4547
SKU04549,4548
SKU04550,4549
SKU04551,4550
SKU04552,4551
SKU04553,4552
SKU04554,4553
SKU04555,4554
SKU04556,4555
SKU04557,4556
SKU04558,4557
SKU04559,4558
SKU04560,4559
SKU04561,4560
SKU04562,4561
SKU04563,4562
SKU04564,4563
SKU04565,4564
SKU04566,4565
SKU04567,4566
SKU04568,4567
SKU04569,4568
SKU04570,4569
SKU04571,4570
SKU04572,4571
SKU04573,4572
SKU04574,4573
SKU04575,4574
SKU04576,4575
SKU04577,4576
SKU04578,4577
SKU04579,4578
SKU04580,4579
SKU04581,4580
SKU04582,4581
SKU04583,4582
SKU04584,4583
SKU04585,4584
SKU04586,4585
SKU04587,4586
SKU04588,4587
SKU04589,4588
SKU04590,4589
SKU04591,4590
SKU04592,4591
SKU04593,4592
SKU04594,4593
SKU04595,4594
SKU04596,4595
SKU04597,4596
SKU04598,4597
SKU04599,4598
SKU04600,4599
SKU04601,4600
SKU04602,4601
SKU04603,4602
SKU04604,4603
SKU04605,4604
SKU04606,4605
SKU04607,4606
SKU04608,4607
SKU04609,4608
SKU04610,4609
SKU04611,4610
SKU04612,4611
SKU04613,4612
SKU04614,4613
SKU04615,4614
SKU04616,4615
SKU04617,4616
SKU04618,4617
SKU04619,4618
SKU04620,4619
SKU04621,4620
SKU04622,4621
SKU04623,4622
SKU04624,4623
SKU04625,4624
SKU04626,4625
SKU04627,4626
SKU04628,4627
SKU04629,4628
SKU04630,4629
SKU04631,4630
SKU04632,4631
SKU04633,4632
SKU04634,4633
SKU04635,4634
SKU04636,4635
SKU04637,4636
SKU04638,4637
SKU04639,4638
SKU04640,4639
SKU04641,4640
SKU04642,4641
SKU04643,4642
SKU04644,4643
SKU04645,4644
SKU04646,4645
SKU04647,4646
SKU04648,4647
SKU04649,4648
SKU04650,4649
SKU04651,4650
SKU04652,4651
SKU04653,4652
SKU04654,4653
SKU04655,4654
SKU04656,4655
SKU04657,4656
SKU04658,4657
SKU04659,4658
SKU04660,4659
SKU04661,4660
SKU04662,4661
SKU04663,4662
SKU04664,4663
SKU04665,4664
SKU04666,4665
SKU04667,4666
SKU04668,4667
SKU04669,4668
SKU04670,4669
SKU04671,4670
SKU04672,4671
SKU04673,4672
SKU04674,4673
SKU04675,4674
SKU04676,4675
SKU04677,4676
SKU04678,4677
SKU04679,4678
SKU04680,4679
SKU04681,4680
SKU04682,4681
SKU04683,4682
SKU04684,4683
SKU04685,4684
SKU04686,4685
SKU04687,4686
SKU04688,4687
SKU04689,4688
SKU04690,4689
SKU04691,4690
SKU04692,4691
SKU04693,4692
SKU04694,4693
SKU04695,4694
SKU04696,4695
SKU04697,4696
SKU04698,4697
SKU04699,4698
SKU04700,4699
SKU04701,4700
SKU04702,4701
SKU04703,4702
SKU04704,4703
SKU04705,4704
SKU04706,4705
SKU04707,4706
SKU04708,4707
SKU04709,4708
SKU04710,4709
SKU04711,4710
SKU04712,4711
SKU04713,4712
SKU04714,4713
SKU04715,4714
SKU04716,4715
SKU04717,4716
SKU04718,4717
SKU04719,4718
SKU04720,4719
SKU04721,4720
SKU04722,4721
SKU04723,4722
SKU04724,4723
SKU04725,4724
SKU04726,4725
SKU04727,4726
SKU04728,4727
SKU04729,4728
SKU04730,4729
SKU04731,4730
SKU04732,4731
SKU04733,4732
SKU04734,4733
SKU04735,4734
SKU04736,4735
SKU04737,4736
SKU04738,4737
SKU04739,4738
SKU04740,4739
SKU04741,4740
SKU04742,4741
SKU04743,4742
SKU04744,4743
SKU04745,4744
SKU04746,4745
SKU04747,4746
SKU04748,4747
SKU04749,4748
SKU04750,4749
SKU04751,4750
SKU04752,4751
SKU04753,4752
SKU04754,4753
SKU04755,4754
SKU04756,4755
SKU04757,4756
SKU04758,4757
SKU04759,4758
SKU04760,4759
SKU04761,4760
SKU04762,4761
SKU04763,4762
SKU04764,4763
SKU04765,4764
SKU04766,4765
SKU04767,4766
SKU04768,4767
SKU04769,4768
SKU04770,4769
SKU04771,4770
SKU04772,4771
SKU04773,4772
SKU04774,4773
SKU04775,4774
SKU04776,4775
SKU04777,4776
SKU04778,4777
SKU04779,4778
SKU04780,4779
SKU04781,4780
SKU04782,4781
SKU04783,4782
SKU04784,4783
SKU04785,4784
SKU04786,4785
SKU04787,4786
SKU04788,4787
SKU04789,4788
SKU04790,4789
SKU04791,4790
SKU04792,4791
SKU04793,4792
SKU04794,4793
SKU04795,4794
SKU04796,4795
SKU04797,4796
SKU04798,4797
SKU04799,4798
SKU04800,4799
SKU04801,4800
SKU04802,4801
SKU04803,4802
SKU04804,4803
SKU04805,4804
SKU04806,4805
SKU04807,4806
SKU04808,4807
SKU04809,4808
SKU04810,4809
SKU04811,4810
SKU04812,4811
SKU04813,4812
SKU04814,4813
SKU04815,4814
SKU04816,4815
SKU04817,4816
SKU04818,4817
SKU04819,4818
SKU04820,4819
SKU04821,4820
SKU04822,4821
SKU04823,4822
SKU04824,4823
SKU04825,4824
SKU04826,4825
SKU04827,4826
SKU04828,4827
SKU04829,4828
SKU04830,4829
SKU04831,4830
SKU04832,4831
SKU04833,4832
SKU04834,4833
SKU04835,4834
SKU04836,4835
SKU04837,4836
SKU04838,4837
SKU04839,4838
SKU04840,4839
SKU04841,4840
SKU04842,4841
SKU04843,4842
SKU04844,4843
SKU04845,4844
SKU04846,4845
SKU04847,4846
SKU04848,4847
SKU04849,4848
SKU04850,4849
SKU04851,4850
SKU04852,4851
SKU04853,4852
SKU04854,4853
SKU04855,4854
SKU04856,4855
SKU04857,4856
SKU04858,4857
SKU04859,4858
SKU04860,4859
SKU04861,4860
SKU04862,4861
SKU04863,4862
SKU04864,4863
SKU04865,4864
SKU04866,4865
SKU04867,4866
SKU04868,4867
SKU04869,4868
SKU04870,4869
SKU04871,4870
SKU04872,4871
SKU04873,4872
SKU04874,4873
SKU04875,4874
SKU04876,4875
SKU04877,4876
SKU04878,4877
SKU04879,4878
SKU04880,4879
SKU04881,4880
SKU04882,4881
SKU04883,4882
SKU04884,4883
SKU04885,4884
SKU04886,4885
SKU04887,4886
SKU04888,4887
SKU04889,4888
SKU04890,4889
SKU04891,4890
SKU04892,4891
SKU04893,4892
SKU04894,4893
SKU04895,4894
SKU04896,4895
SKU04897,4896
SKU04898,4897
SKU04899,4898
SKU04900,4899
SKU04901,4900
SKU04902,4901
SKU04903,4902
SKU04904,4903
SKU04905,4904
SKU04906,4905
SKU04907,4906
SKU04908,4907
SKU04909,4908
SKU04910,4909
SKU04911,4910
SKU04912,4911
SKU04913,4912
SKU04914,4913
SKU04915,4914
SKU04916,4915
SKU04917,4916
SKU04918,4917
SKU04919,4918
SKU04920,4919
SKU04921,4920
SKU04922,4921
SKU04923,4922
SKU04924,4923
SKU04925,4924
SKU04926,4925
SKU04927,4926
SKU04928,4927
SKU04929,4928
SKU04930,4929
SKU04931,4930
SKU04932,4931
SKU04933,4932
SKU04934,4933
SKU04935,4934
SKU04936,4935
SKU04937,4936
SKU04938,4937
SKU04939,4938
SKU04940,4939
SKU04941,4940
SKU04942,4941
SKU04943,4942
SKU04944,4943
SKU04945,4944
SKU04946,4945
SKU04947,4946
SKU04948,4947
SKU04949,4948
SKU04950,4949
SKU04951,4950
SKU04952,4951
SKU04953,4952
SKU04954,4953
SKU04955,4954
SKU04956,4955
SKU04957,4956
SKU04958,4957
SKU04959,4958
SKU04960,4959
SKU04961,4960
SKU04962,4961
SKU04963,4962
SKU04964,4963
SKU04965,4964
SKU04966,4965
SKU04967,4966
SKU04968,4967
SKU04969,4968
SKU04970,4969
SKU04971,4970
SKU04972,4971
SKU04973,4972
SKU04974,4973
SKU04975,4974
SKU04976,4975
SKU04977,4976
SKU04978,4977
SKU04979,4978
SKU04980,4979
SKU04981,4980
SKU04982,4981
SKU04983,4982
SKU04984,4983
SKU04985,4984
SKU04986,4985
SKU04987,4986
SKU04988,4987
SKU04989,4988
SKU04990,4989
SKU04991,4990
SKU04992,4991
SKU04993,4992
SKU04994,4993
SKU04995,4994
SKU04996,4995
SKU04997,4996
SKU04998,4997
SKU04999,4998
SKU05000,4999
